INSERT INTO `admin` (`iadmin`, `admin_Id`, `admin_password`, `del_yn`)
VALUES (1, 'admin', '1234', 0);

INSERT INTO `board` (`iboard`, `iadmin`, `ctnt`, `created_at`, `updated_at`, `importance`, `board_view`, `del_yn`,
                     `title`)
VALUES (1, 1, '바뀌어라', '2023-07-21 16:40:22', '2023-07-21 16:40:22', 0, 1, 1, '바꼈냐?'),
       (2, 1, 'ㅁㄴㅇ', '2023-07-21 16:40:39', '2023-07-21 16:40:39', 0, NULL, 0, 'ㅁㄴㅇ'),
       (3, 1, 'ㅁㄴㅇ', '2023-07-21 16:41:19', '2023-07-21 16:41:19', 0, NULL, 0, 'ㅁㄴㅇ'),
       (4, 1, '저는 맞아야해요', '2023-07-21 16:43:23', '2023-07-21 16:43:23', 0, NULL, 0, '저같은 놈은 맞아야해요'),
       (5, 1, '저는 맞아야해요', '2023-07-21 16:44:48', '2023-07-21 16:44:48', 0, NULL, 0, '저같은 놈은 맞아야해요'),
       (6, 1, '저는 맞아야해요', '2023-07-21 16:46:18', '2023-07-21 16:46:18', 0, NULL, 0, '저같은 놈은 맞아야해요'),
       (7, 1, 'aaa', '2023-07-24 10:36:26', '2023-07-24 10:36:26', 0, 0, 0, 'aaaa');

INSERT INTO `lecture_applly` (`ilecture`, `ilecture_name`, `ilecture_room`, `iprofessor`, `isemester`,
                              `opening_procedures`, `lecture_str_date`, `lecture_end_date`, `lecture_str_time`,
                              `lecture_end_time`, `attendance`, `midterm_examination`, `final_examination`,
                              `lecture_max_people`, `grade_limit`, `del_yn`, `created_at`)
VALUES (4, 17, 2, 100029, 20, 1, '2023-07-24', '2023-07-24', '09:00:00', '10:00:00', 30, 40, 30, 27, 3, 0,
        '2023-07-24 16:32:44'),
       (5, 1, 1, 100007, 20, 1, '2023-03-04', '2023-06-30', '10:00:00', '11:00:00', 20, 40, 40, 30, 1, 0,
        '2023-07-24 16:37:26'),
       (6, 1, 1, 100007, 20, 1, '2023-03-04', '2023-06-30', '10:00:00', '11:00:00', 20, 40, 40, 30, 1, 0,
        '2023-07-24 16:38:03'),
       (7, 1, 1, 100007, 20, 1, '2023-03-04', '2023-06-30', '10:00:00', '11:00:00', 20, 40, 40, 30, 1, 0,
        '2023-07-24 16:38:03'),
       (8, 1, 1, 100007, 20, 1, '2023-03-04', '2023-06-30', '10:00:00', '11:00:00', 20, 40, 40, 30, 1, 0,
        '2023-07-24 16:38:03'),
       (9, 1, 1, 100007, 20, 1, '2023-03-04', '2023-06-30', '10:00:00', '11:00:00', 20, 40, 40, 30, 1, 0,
        '2023-07-24 16:38:04'),
       (10, 1, 1, 100007, 20, 1, '2023-03-04', '2023-06-30', '10:00:00', '11:00:00', 20, 40, 40, 30, 1, 0,
        '2023-07-24 16:38:04'),
       (11, 1, 1, 100007, 20, 1, '2023-03-04', '2023-06-30', '10:00:00', '11:00:00', 20, 40, 40, 30, 1, 0,
        '2023-07-24 16:38:04');

INSERT INTO `lecture_day_week` (`ilecture`, `day_week`, `del_yn`)
VALUES (4, 5, 0),
       (5, 3, 0),
       (5, 2, 0),
       (8, 1, 0),
       (10, 5, 0),
       (10, 6, 0),
       (10, 0, 0);

INSERT INTO `lecture_name` (`ilecture_name`, `lecture_name`, `score`, `del_yn`)
VALUES (1, '물리1', 1, 0),
       (17, '물리학1', 1, 0),
       (18, '수학1', 1, 0),
       (19, '고급 화학', 2, 0),
       (20, '화학 실험', 2, 0),
       (21, '정보 과학', 3, 0),
       (22, '프로그래밍', 3, 0),
       (23, '융합과학탐구', 3, 0),
       (24, '기하', 1, 0),
       (25, '확학1', 1, 0);

INSERT INTO `lecture_room` (`ilecture_room`, `lecture_room_name`, `building_name`, `max_capacity`, `del_yn`)
VALUES (1, '502호', '백매관', 30, 0),
       (2, '503호', '백매관', 30, 0),
       (3, '504호', '백매관', 30, 0);
INSERT INTO `lecture_student` (`ilecture_student`, `istudent`, `ilecture`, `finished_yn`, `completed_at`, `attendance`,
                               `midterm_examination`, `final_examination`, `total_score`, `avg_score`, `created_at`,
                               `update_at`, `finished_at`, `del_yn`)
VALUES (1, 1, 4, 1, NULL, 20, 40, 40, 100, 100, '2023-07-24 16:46:29', '2023-07-24 16:46:29', '2023-07-24', 0),
       (2, 1, 4, 1, NULL, 20, 40, 40, 100, 100, '2023-07-24 16:47:03', '2023-07-24 16:47:03', NULL, 0),
       (3, 1, 4, 1, NULL, 20, 40, 40, 100, 100, '2023-07-24 16:47:14', '2023-07-24 16:47:14', NULL, 0),
       (4, 1, 4, 1, NULL, 20, 40, 40, 100, 100, '2023-07-24 16:47:14', '2023-07-24 16:47:14', NULL, 0),
       (5, 1, 4, 1, NULL, 20, 40, 40, 100, 100, '2023-07-24 16:47:15', '2023-07-24 16:47:15', NULL, 0);

INSERT INTO `major` (`imajor`, `major_name`, `graduation_score`, `del_yn`)
VALUES (1, 'IT융합학과', 120, 0),
       (2, '건축공학과', 120, 0),
       (3, '게임공학과', 115, 0),
       (4, '고분자공학과', 125, 0),
       (5, '건축설비과', 130, 0),
       (6, '광학공학과', 132, 0),
       (7, '건설정보과', 125, 0),
       (8, '건축과', 120, 0),
       (9, '건축학과', 130, 0),
       (10, '게임콘텐츠과', 120, 0),
       (11, '공업화학과', 125, 0),
       (12, '교양공학부', 130, 0),
       (13, '교통공학과', 120, 0),
       (14, '국방기술학과', 140, 0),
       (15, '금형설계과', 136, 0),
       (16, '기계과', 130, 0),
       (17, '기계설계과', 140, 0),
       (18, '냉동공조공학과', 120, 0),
       (19, '국방기술과', 126, 0),
       (20, '금속공학과', 130, 0),
       (21, '기계공학과', 135, 0),
       (22, '기계설계공학과', 135, 0),
       (23, '나노공학과', 140, 0),
       (24, '도시건설과', 130, 0),
       (25, '도시공학과', 130, 0),
       (26, '디지털콘텐츠학과', 135, 0),
       (27, '로봇공학과', 125, 0),
       (28, '멀티미디어과', 120, 0),
       (29, '멀티미디어학과', 125, 0),
       (30, '시스템공학과', 130, 0),
       (31, '스마트폰과', 135, 0),
       (32, '시스템경영공학과', 135, 0),
       (33, '신소재공학과', 120, 0),
       (34, '전기과', 120, 0),
       (35, '자동차공학과', 130, 0),
       (36, '전자과', 140, 0),
       (37, '조선공학과', 130, 0),
       (38, '컴퓨터공학과', 130, 0),
       (39, '소프트웨어공학과', 135, 0),
       (40, '토목과', 135, 0);
INSERT INTO `professor` (`iprofessor`, `imajor`, `professor_password`, `nm`, `gender`, `pic`, `birthdate`, `phone`,
                         `email`, `address`, `created_at`, `updated_at`, `del_yn`)
VALUES (100007, 2, 'ae2c9bf215760b887504c847bf9b8dfa0e63dcb970f097e167df2695f8791fad', 'sㅇㄴㅁ', 'F', NULL, '2023-07-21',
        '010-123-456', 'ASD@naver.com', '아앙', '2023-07-21 16:59:53', '2023-07-21 16:59:53', 0),
       (100009, 2, 'ae2c9bf215760b887504c847bf9b8dfa0e63dcb970f097e167df2695f8791fad', 'sㅇㄴㅁ', 'F', NULL, '2023-07-21',
        '010-123-456', 'dlsioz@naver.com', '아앙', '2023-07-21 17:00:13', '2023-07-21 17:00:13', 0),
       (100011, 1, 'ae2c9bf215760b887504c847bf9b8dfa0e63dcb970f097e167df2695f8791fad', '배성현', 'F', NULL, '2023-07-21',
        '010-4567-4561', 'zlal@naver.com', '마마아', '2023-07-21 17:00:47', '2023-07-21 17:00:47', 0),
       (100021, 1, 'ae2c9bf215760b887504c847bf9b8dfa0e63dcb970f097e167df2695f8791fad', '배성현', 'F', NULL, '2023-07-21',
        '010-4567-4561', 'qwedfucv@nate.com', '마마아', '2023-07-21 17:05:22', '2023-07-21 17:05:22', 0),
       (100023, 1, 'ae2c9bf215760b887504c847bf9b8dfa0e63dcb970f097e167df2695f8791fad', '배성현', 'F', NULL, '2023-07-21',
        '010-4567-4561', 'qqqqqwedfucv@nate.com', '마마아', '2023-07-21 17:27:57', '2023-07-21 17:27:57', 0),
       (100024, 1, '9a3055e77a59b5bf54d2ad6c88e0c0e7e847da52c9facb491f1a7cd820611138', '배성현', 'F', NULL, '2023-07-21',
        '010-4567-4561', 'qedsav@nate.com', '마마아', '2023-07-21 17:29:24', '2023-07-21 17:29:24', 0),
       (100025, 10, 'f386b4b4b1a401723ba3e27aadd18db642a1dbc07337dd7e3f8f2e21768abf75', '김보경', 'F', NULL, '1993-07-22',
        '010-4677-2584', 'bokki13@gmail.com', '어디한번찾아보시지', '2023-07-22 14:03:10', '2023-07-22 14:03:10', 0),
       (100026, 10, 'f386b4b4b1a401723ba3e27aadd18db642a1dbc07337dd7e3f8f2e21768abf75', '현보경', 'F', NULL, '1993-07-22',
        '010-4677-2584', 'bokki123@gmail.com', '어디한번찾아보시지', '2023-07-22 14:05:15', '2023-07-22 14:05:15', 0);

INSERT INTO `semester` (`isemester`, `year`, `semester`, `semester_str_date`, `semester_end_date`, `del_yn`)
VALUES (20, '2023', 1, '2023-03-02', '2023-06-30', 0),
       (21, '2023', 2, '2023-08-12', '2023-12-24', 0);

INSERT INTO `student` (`istudent`, `student_num`, `student_password`, `imajor`, `grade`, `nm`, `gender`, `pic`,
                       `birthdate`, `phone`, `email`, `address`, `finished_yn`, `created_at`, `updated_at`, `del_yn`)
VALUES (1, '23100001', 'ea0a97b661aee91b3b11cb37895fa8354edcd7a07c19d725c4d7309f11891194', 10, 1, '지혹혹', 'F', NULL,
        '2023-07-21', '010-2120-3636', 'aert1234@naver.com', '대구시어쩌고저쩌고', 1, '2023-07-21 17:00:14',
        '2023-07-21 17:00:14', 0),
       (3, '23100002', 'ea0a97b661aee91b3b11cb37895fa8354edcd7a07c19d725c4d7309f11891194', 10, 1, '지혹혹', 'F', NULL,
        '2023-07-21', '010-2120-3636', 'aert12341@naver.com', '대구시어쩌고저쩌고', 1, '2023-07-21 17:03:42',
        '2023-07-21 17:03:42', 0),
       (4, '2310003', 'ea0a97b661aee91b3b11cb37895fa8354edcd7a07c19d725c4d7309f11891194', 10, 1, '지혹혹', 'F', NULL,
        '2023-07-21', '010-2120-3636', 'aert11@naver.com', '대구시어쩌고저쩌고', 1, '2023-07-21 17:06:01', '2023-07-21 17:06:01',
        0),
       (6, '2310004', 'ea0a97b661aee91b3b11cb37895fa8354edcd7a07c19d725c4d7309f11891194', 10, 1, '지혹혹', 'F', NULL,
        '2023-07-21', '010-2120-3636', 'aert1142@naver.com', '대구시어쩌고저쩌고', 1, '2023-07-21 17:08:55',
        '2023-07-21 17:08:55', 0),
       (7, '2310005', 'ea0a97b661aee91b3b11cb37895fa8354edcd7a07c19d725c4d7309f11891194', 10, 1, '지혹혹', 'F', NULL,
        '2023-07-21', '010-2120-3636', 'aert1142w@naver.com', '대구시어쩌고저쩌고', 1, '2023-07-21 17:10:17',
        '2023-07-21 17:10:17', 0),
       (8, '2310006', 'ea0a97b661aee91b3b11cb37895fa8354edcd7a07c19d725c4d7309f11891194', 10, 1, '지혹혹', 'F', NULL,
        '2023-07-21', '010-2120-3636', 'aert11w@naver.com', '대구시어쩌고저쩌고', 1, '2023-07-21 17:14:20',
        '2023-07-21 17:14:20', 0),
       (9, '2310007', 'ea0a97b661aee91b3b11cb37895fa8354edcd7a07c19d725c4d7309f11891194', 10, 1, '지혹혹', 'F', NULL,
        '2023-07-21', '010-2120-3636', 'aert211w@naver.com', '대구시어쩌고저쩌고', 1, '2023-07-21 17:15:23',
        '2023-07-21 17:15:23', 0),
       (11, '2310008', 'ea0a97b661aee91b3b11cb37895fa8354edcd7a07c19d725c4d7309f11891194', 10, 1, '지혹혹', 'F', NULL,
        '2023-07-21', '010-2120-3636', 'aert2ww@naver.com', '대구시어쩌고저쩌고', 1, '2023-07-21 17:23:50',
        '2023-07-21 17:23:50', 0),
       (12, '2310009', 'ea0a97b661aee91b3b11cb37895fa8354edcd7a07c19d725c4d7309f11891194', 10, 1, '지혹혹', 'F', NULL,
        '2023-07-21', '010-2120-3636', 'aert2w2w@naver.com', '대구시어쩌고저쩌고', 1, '2023-07-21 17:25:00',
        '2023-07-21 17:25:00', 0),
       (13, '2310010', 'ea0a97b661aee91b3b11cb37895fa8354edcd7a07c19d725c4d7309f11891194', 10, 1, '지혹혹', 'F', NULL,
        '2023-07-21', '010-2120-3636', 'aert21w2w@naver.com', '대구시어쩌고저쩌고', 1, '2023-07-21 17:29:06',
        '2023-07-21 17:29:06', 0),
       (14, '2310011', 'ea0a97b661aee91b3b11cb37895fa8354edcd7a07c19d725c4d7309f11891194', 10, 1, '지혹혹', 'F', NULL,
        '2023-07-21', '010-2120-3636', 'a22@naver.com', '대구시어쩌고저쩌고', 1, '2023-07-21 17:29:29', '2023-07-21 17:29:29',
        0);



