INSERT ignore `admin` (`iadmin`, `admin_Id`, `admin_password`, `del_yn`, `role`) VALUES
(1, 'admin', '1234', 0, 'ROLE_ADMIN');

INSERT ignore `board` (`iboard`, `iadmin`, `ctnt`, `created_at`, `updated_at`, `importance`, `board_view`, `del_yn`, `title`) VALUES
(1, 1, '바뀌어라', '2023-07-21 16:40:22', '2023-07-21 16:40:22', 0, 1, 1, '바꼈냐?'),
(2, 1, 'ㅁㄴㅇ', '2023-07-21 16:40:39', '2023-07-21 16:40:39', 0, 0, 1, 'ㅁㄴㅇ'),
(3, 1, 'ㅁㄴㅇ', '2023-07-21 16:41:19', '2023-07-21 16:41:19', 0, 0, 0, 'ㅁㄴㅇ'),
(4, 1, '저는 맞아야해요', '2023-07-21 16:43:23', '2023-07-21 16:43:23', 0, 0, 0, '저같은 놈은 맞아야해요'),
(5, 1, '저는 맞아야해요', '2023-07-21 16:44:48', '2023-07-21 16:44:48', 0, 0, 0, '저같은 놈은 맞아야해요'),
(6, 1, '저는 맞아야해요', '2023-07-21 16:46:18', '2023-07-21 16:46:18', 0, 0, 0, '저같은 놈은 맞아야해요'),
(7, 1, 'aaa', '2023-07-24 10:36:26', '2023-07-24 10:36:26', 0, 0, 0, 'aaaa'),
(8, 1, 'bbb', '2023-07-24 10:36:38', '2023-07-24 10:36:38', 0, 0, 0, 'bbb'),
(9, 1, 'nnn', '2023-07-24 10:36:44', '2023-07-24 10:36:44', 0, 0, 0, 'nnn'),
(10, 1, 'qqqq', '2023-07-24 10:36:50', '2023-07-24 10:36:50', 0, 0, 0, 'qqqqnnn'),
(11, 1, 'iiii', '2023-07-24 10:36:56', '2023-07-24 10:36:56', 1, 0, 0, 'iiii'),
(12, 1, 'bbbb', '2023-07-24 10:36:59', '2023-07-24 10:36:59', 1, 0, 0, 'bbbb'),
(13, 1, 'pppp', '2023-07-24 10:37:06', '2023-07-24 10:37:06', 0, 4, 0, 'pppp'),
(14, 1, 'nnnqqq', '2023-07-24 10:37:14', '2023-07-24 10:37:14', 0, 0, 0, 'tttt'),
(15, 1, 'yyyyy', '2023-07-24 10:37:17', '2023-07-24 10:37:17', 0, 12, 0, 'yyyy'),
(16, 1, 'aaddd', '2023-07-24 10:37:24', '2023-07-24 10:37:24', 0, 0, 1, 'ddddaa'),
(17, 1, 'uuuu', '2023-07-24 12:10:31', '2023-07-24 12:10:31', 0, 0, 0, 'uuuu'),
(18, 1, 'eee', '2023-07-24 12:10:37', '2023-07-24 12:10:37', 0, 0, 0, 'eee'),
(19, 1, 'zzz', '2023-07-24 12:10:41', '2023-07-24 12:10:41', 0, 0, 0, 'zzzz'),
(20, 1, '123', '2023-07-26 14:59:16', '2023-07-26 14:59:16', 0, 0, 0, '123'),
(21, 1, '123', '2023-07-26 15:02:54', '2023-07-26 15:02:54', 0, 0, 0, '456');


INSERT ignore `lecture_name` (`ilecture_name`, `lecture_name`, `score`, `del_yn`) VALUES
(1, '물리1', 1, 0),
(17, '물리학1', 1, 0),
(18, '수학1', 1, 0),
(19, '고급 화학', 2, 0),
(20, '화학 실험', 2, 0),
(21, '정보 과학', 3, 0),
(22, '프로그래밍', 3, 0),
(23, '융합과학탐구', 3, 0),
(24, '기하', 1, 0),
(25, '확학1', 1, 0),
(26, '확률과 통계', 1, 0),
(27, '디지털 논리 회로', 2, 0),
(28, '공학일반', 1, 0),
(29, '생활과 과학', 1, 0),
(30, '물리학실험', 1, 0),
(31, '로봇 지능 개발', 1, 0),
(47, 'IT건성기초역학', 3, 0),
(48, '미분적분학', 1, 0),
(49, '미분방적식', 1, 0),
(50, '일반물리학', 1, 0),
(51, '실용정산', 1, 0),
(52, '건축구조역학', 3, 0),
(53, '건축재료학', 3, 0),
(54, '전산구조해석', 3, 0),
(55, '건축전산학', 1, 0),
(56, '건축벌기계획', 1, 0),
(57, '건축설비계획', 2, 0),
(58, '건축토목갭스톤디자인', 1, 0),
(59, '건설IT', 1, 0),
(60, '서양건축사', 1, 0),
(61, '게임총론', 3, 0),
(62, '발상과표현', 1, 0),
(63, '웹콘텐츠제작기초', 1, 0),
(64, 'C프로그래밍', 1, 0),
(65, '게임개발기초', 1, 0),
(66, '게임그래픽1', 3, 0),
(67, '2D게임프로그래밍', 3, 0),
(68, 'C#프로그래밍', 3, 0),
(69, 'C++프로그래밍', 1, 0),
(70, '객체지향프로그래밍(JAVA)', 1, 0),
(71, '게임일러스트레이션', 2, 0),
(72, '신형대수학', 1, 0),
(73, '이산수학', 1, 0),
(74, '게임분석 및 기획', 1, 0),
(75, '게임수학', 1, 0),
(76, '웹프로그래밍', 1, 0),
(77, '유기화확실험', 3, 0),
(78, '물리화학실험', 1, 0),
(79, '분석화확', 1, 0),
(80, '무기화확', 1, 0),
(81, '화공양론', 1, 0),
(82, '일어1', 3, 0),
(83, '경제의이해', 3, 0),
(84, '현대물리학의세계', 3, 0),
(85, '물리학2', 1, 0),
(86, '실용영어', 1, 0),
(87, '공학화학실험', 2, 0),
(88, '나노재료설계', 1, 0),
(89, '고분자개론', 1, 0),
(90, '고분자화학', 1, 0),
(91, '공학기초설계', 1, 0),
(92, '유변학', 1, 0),
(93, '인성과 비판적 사고', 3, 0),
(94, '의사소통', 1, 0),
(95, '정보문해', 1, 0),
(96, '인간과문화', 1, 0),
(97, '사회와 역사', 1, 0),
(98, '자연과 과학', 3, 0),
(99, '미래융복합', 3, 0),
(100, '국제화', 3, 0),
(101, '진로와 취업', 1, 0),
(102, '예술과 체육', 1, 0),
(103, '생물학 및 실험', 2, 0),
(104, '일반생물학 및 실험', 1, 0),
(105, '도시와환경', 1, 0),
(106, '기초설계및실습', 1, 0),
(107, 'CAD', 1, 0),
(108, '공업역학', 1, 0),
(109, '교통공학론', 3, 0),
(110, '교통계획록', 1, 0),
(111, '도로공학', 1, 0),
(112, '교총계량분석', 1, 0),
(113, '교통류이론', 1, 0),
(114, '교통지리정보시스템', 3, 0),
(115, '교통빅데이터분석기초', 3, 0),
(116, '교통시설공학', 3, 0),
(117, '교통경제분석', 1, 0),
(118, '지구교통계획', 1, 0),
(119, '대중교통', 2, 0),
(120, '교통수요분석', 1, 0),
(121, '교통용량분석', 1, 0),
(122, '포장설계', 1, 0),
(123, '지속가능교통', 1, 0),
(124, '철도공학', 1, 0),
(125, '군사법규개론', 3, 0),
(126, '미래국방과학기술과무기체계', 1, 0),
(127, '탄야구조및병기구조학', 1, 0),
(128, '군경영학의이해', 1, 0),
(129, 'EZ기초수학', 1, 0),
(130, '기화강학특론', 3, 0),
(131, '나노광학', 3, 0),
(132, '디자인 매니지먼트', 3, 0),
(133, '금형재료특론', 1, 0),
(134, '금형제작특론', 1, 0),
(135, '역설계공학톡론', 2, 0),
(136, '조명공학', 1, 0),
(137, '반도체레이져', 1, 0),
(138, '전산광학', 1, 0),
(139, '산업디자인', 1, 0),
(140, '최적설계', 1, 0);





INSERT INTO `lecture_room` (`ilecture_room`, `lecture_room_name`, `building_name`, `max_capacity`, `del_yn`) VALUES
(1, '502호', '백매관', 30, 0),
(2, '503호', '백매관', 30, 0),
(3, '504호', '백매관', 30, 0),
(4, '505호', '백매관', 30, 0),
(5, '506호', '백매관', 30, 0);

INSERT INTO `major` (`imajor`, `major_name`, `graduation_score`, `del_yn`) VALUES
(1, 'IT융합학과', 120, 0),
(2, '건축공학과', 120, 0),
(3, '게임공학과', 115, 0),
(4, '고분자공학과', 125, 0),
(5, '건축설비과', 130, 0),
(6, '광학공학과', 132, 0),
(7, '건설정보과', 125, 0),
(8, '건축과', 120, 0),
(9, '건축학과', 130, 0),
(10, '게임콘텐츠과', 120, 0),
(11, '공업화학과', 125, 0),
(12, '교양공학부', 130, 0),
(13, '교통공학과', 120, 0),
(14, '국방기술학과', 140, 0),
(15, '금형설계과', 136, 0),
(16, '기계과', 130, 0),
(17, '기계설계과', 140, 0),
(18, '냉동공조공학과', 120, 0),
(19, '국방기술과', 126, 0),
(20, '금속공학과', 130, 0),
(21, '기계공학과', 135, 0),
(22, '기계설계공학과', 135, 0),
(23, '나노공학과', 140, 0),
(24, '도시건설과', 130, 0),
(25, '도시공학과', 130, 0),
(26, '디지털콘텐츠학과', 135, 0),
(27, '로봇공학과', 125, 0),
(28, '멀티미디어과', 120, 0),
(29, '멀티미디어학과', 125, 0),
(30, '시스템공학과', 130, 0),
(31, '스마트폰과', 135, 0),
(32, '시스템경영공학과', 135, 0),
(33, '신소재공학과', 120, 0),
(34, '전기과', 120, 0),
(35, '자동차공학과', 130, 0),
(36, '전자과', 140, 0),
(37, '조선공학과', 130, 0),
(38, '컴퓨터공학과', 130, 0),
(39, '소프트웨어공학과', 135, 0),
(40, '토목과', 135, 0),
(41, '항공정비과', 140, 0),
(42, '항해학과', 130, 0),
(43, '화장품과', 130, 0),
(44, '화학공업과', 130, 0),
(45, '환경화학과', 130, 0),
(46, '원자력공학과', 140, 0),
(47, '안경광학과', 120, 0),
(48, '인터넷정보과', 120, 0),
(49, '재료공학과', 120, 0),
(50, '조경과', 130, 0);

INSERT INTO `professor` (`iprofessor`, `imajor`, `professor_password`, `nm`, `gender`, `pic`, `birthdate`, `phone`, `email`, `address`, `created_at`, `updated_at`, `del_yn`, `role`) VALUES
(100007, 2, 'ae2c9bf215760b887504c847bf9b8dfa0e63dcb970f097e167df2695f8791fad', 'sㅇㄴㅁ', 'F', NULL, '2023-07-21', '010-123-456', 'ASD@naver.com', '아앙', '2023-07-21 16:59:53', '2023-07-21 16:59:53', 0, 'ROLE_PROFESSOR'),
(100009, 14, 'ae2c9bf215760b887504c847bf9b8dfa0e63dcb970f097e167df2695f8791fad', 'sㅇㄴㅁ', 'F', NULL, '2023-07-21', '010-123-456', 'dlsioz@naver.com', '아앙', '2023-07-21 17:00:13', '2023-07-21 17:00:13', 0, 'ROLE_PROFESSOR'),
(100011, 23, 'ae2c9bf215760b887504c847bf9b8dfa0e63dcb970f097e167df2695f8791fad', '배성현', 'F', NULL, '2023-07-21', '010-4567-4561', 'zlal@naver.com', '마마아', '2023-07-21 17:00:47', '2023-07-21 17:00:47', 0, 'ROLE_PROFESSOR'),
(100021, 4, 'ae2c9bf215760b887504c847bf9b8dfa0e63dcb970f097e167df2695f8791fad', '배성현', 'F', NULL, '2023-07-21', '010-4567-4561', 'qwedfucv@nate.com', '마마아', '2023-07-21 17:05:22', '2023-07-21 17:05:22', 0, 'ROLE_PROFESSOR'),
(100023, 13, 'ae2c9bf215760b887504c847bf9b8dfa0e63dcb970f097e167df2695f8791fad', '배성현', 'F', NULL, '2023-07-21', '010-4567-4561', 'qqqqqwedfucv@nate.com', '마마아', '2023-07-21 17:27:57', '2023-07-21 17:27:57', 0, 'ROLE_PROFESSOR'),
(100024, 3, '9a3055e77a59b5bf54d2ad6c88e0c0e7e847da52c9facb491f1a7cd820611138', '배성현', 'F', NULL, '2023-07-21', '010-4567-4561', 'qedsav@nate.com', '마마아', '2023-07-21 17:29:24', '2023-07-21 17:29:24', 0, 'ROLE_PROFESSOR'),
(100025, 10, 'f386b4b4b1a401723ba3e27aadd18db642a1dbc07337dd7e3f8f2e21768abf75', '김보경', 'F', NULL, '1993-07-22', '010-4677-2584', 'bokki13@gmail.com', '어디한번찾아보시지', '2023-07-22 14:03:10', '2023-07-22 14:03:10', 0, 'ROLE_PROFESSOR'),
(100026, 15, 'f386b4b4b1a401723ba3e27aadd18db642a1dbc07337dd7e3f8f2e21768abf75', '현보경', 'F', NULL, '1993-07-22', '010-4677-2584', 'bokki123@gmail.com', '어디한번찾아보시지', '2023-07-22 14:05:15', '2023-07-22 14:05:15', 0, 'ROLE_PROFESSOR'),
(100027, 8, '65f5450b98a689b6ca662c53e394eb27872c62f207104bae90bb0c8fb86eb69c', '배성현', 'F', 'professor/100027/a535de38-7cd8-4bf5-b06e-9b6a45e47e4e.jpg', '2023-07-24', '1454-567-78', 'zkai@na.com', '사울', '2023-07-24 09:46:05', '2023-07-24 09:46:05', 0, 'ROLE_PROFESSOR'),
(100028, 50, '65f5450b98a689b6ca662c53e394eb27872c62f207104bae90bb0c8fb86eb69c', '김재경', 'F', NULL, '2023-07-24', '010-5800-0768', 'worud2312@Qwe', 'eorn', '2023-07-24 11:06:52', '2023-07-24 11:06:52', 0, 'ROLE_PROFESSOR'),
(100029, 20, '65f5450b98a689b6ca662c53e394eb27872c62f207104bae90bb0c8fb86eb69c', '김재경', 'F', NULL, '2023-07-24', '010-5800-0768', 'orud2312@Qwe', 'eorn', '2023-07-24 11:07:00', '2023-07-24 11:07:00', 0, 'ROLE_PROFESSOR'),
(100030, 11, '65f5450b98a689b6ca662c53e394eb27872c62f207104bae90bb0c8fb86eb69c', '김재경', 'F', NULL, '2023-07-24', '010-5800-0768', '1rud2312@Qwe', 'eorn', '2023-07-24 11:07:03', '2023-07-24 11:07:03', 0, 'ROLE_PROFESSOR');

INSERT INTO `semester` (`isemester`, `year`, `semester`, `semester_str_date`, `semester_end_date`, `del_yn`) VALUES
(20, '2023', 1, '2023-03-02', '2023-06-30', 0),
(21, '2023', 2, '2023-08-12', '2023-12-24', 0);

INSERT INTO `student` (`istudent`, `student_num`, `student_password`, `imajor`, `grade`, `nm`, `gender`, `pic`, `birthdate`, `phone`, `email`, `address`, `finished_yn`, `created_at`, `updated_at`, `del_yn`, `role`) VALUES
(1, '23100001', '20230721', 10, 3, '재경킴', 'F', NULL, '2023-07-21', '010-2120-3636', 'aert1234@naver.com', '대구시어쩌고저쩌고', 1, '2023-07-21 17:00:14', '2023-07-21 17:00:14', 0, 'ROLE_STUDENT'),
(3, '23100002', 'ea0a97b661aee91b3b11cb37895fa8354edcd7a07c19d725c4d7309f11891194', 2, 1, '지녹제', 'F', NULL, '2023-07-21', '010-2120-3636', 'aert12341@naver.com', '대구시어쩌고저쩌고', 1, '2023-07-21 17:03:42', '2023-07-21 17:03:42', 0, 'ROLE_STUDENT'),
(4, '2310003', 'ea0a97b661aee91b3b11cb37895fa8354edcd7a07c19d725c4d7309f11891194', 3, 1, '지코바', 'F', NULL, '2023-07-21', '010-2120-3636', 'aert11@naver.com', '대구시어쩌고저쩌고', 1, '2023-07-21 17:06:01', '2023-07-21 17:06:01', 0, 'ROLE_STUDENT'),
(6, '2310004', 'ea0a97b661aee91b3b11cb37895fa8354edcd7a07c19d725c4d7309f11891194', 4, 1, '지코바', 'F', NULL, '2023-07-21', '010-2120-3636', 'aert1142@naver.com', '대구시어쩌고저쩌고', 1, '2023-07-21 17:08:55', '2023-07-21 17:08:55', 0, 'ROLE_STUDENT'),
(7, '2310005', 'ea0a97b661aee91b3b11cb37895fa8354edcd7a07c19d725c4d7309f11891194', 8, 1, '갓후라이드', 'F', NULL, '2023-07-21', '010-2120-3636', 'aert1142w@naver.com', '대구시어쩌고저쩌고', 1, '2023-07-21 17:10:17', '2023-07-21 17:10:17', 0, 'ROLE_STUDENT'),
(8, '2310006', 'ea0a97b661aee91b3b11cb37895fa8354edcd7a07c19d725c4d7309f11891194', 11, 1, '치킨', 'F', NULL, '2023-07-21', '010-2120-3636', 'aert11w@naver.com', '대구시어쩌고저쩌고', 1, '2023-07-21 17:14:20', '2023-07-21 17:14:20', 0, 'ROLE_STUDENT'),
(9, '2310007', 'ea0a97b661aee91b3b11cb37895fa8354edcd7a07c19d725c4d7309f11891194', 13, 1, '맛동산', 'F', NULL, '2023-07-21', '010-2120-3636', 'aert211w@naver.com', '대구시어쩌고저쩌고', 1, '2023-07-21 17:15:23', '2023-07-21 17:15:23', 0, 'ROLE_STUDENT'),
(11, '2310008', 'ea0a97b661aee91b3b11cb37895fa8354edcd7a07c19d725c4d7309f11891194', 14, 1, '겨란', 'F', NULL, '2023-07-21', '010-2120-3636', 'aert2ww@naver.com', '대구시어쩌고저쩌고', 1, '2023-07-21 17:23:50', '2023-07-21 17:23:50', 0, 'ROLE_STUDENT'),
(12, '2310009', 'ea0a97b661aee91b3b11cb37895fa8354edcd7a07c19d725c4d7309f11891194', 15, 1, '계란', 'F', NULL, '2023-07-21', '010-2120-3636', 'aert2w2w@naver.com', '대구시어쩌고저쩌고', 1, '2023-07-21 17:25:00', '2023-07-21 17:25:00', 0, 'ROLE_STUDENT'),
(13, '2310010', 'ea0a97b661aee91b3b11cb37895fa8354edcd7a07c19d725c4d7309f11891194', 20, 1, '다리', 'F', NULL, '2023-07-21', '010-2120-3636', 'aert21w2w@naver.com', '대구시어쩌고저쩌고', 1, '2023-07-21 17:29:06', '2023-07-21 17:29:06', 0, 'ROLE_STUDENT'),
(14, '2310011', 'ea0a97b661aee91b3b11cb37895fa8354edcd7a07c19d725c4d7309f11891194', 23, 1, '머리', 'F', NULL, '2023-07-21', '010-2120-3636', 'a22@naver.com', '대구시어쩌고저쩌고', 1, '2023-07-21 17:29:29', '2023-07-21 17:29:29', 0, 'ROLE_STUDENT'),
(15, '2310012', 'ea0a97b661aee91b3b11cb37895fa8354edcd7a07c19d725c4d7309f11891194', 50, 1, '임정호', 'F', NULL, '2023-07-21', '010-2120-3636', 'a22e@naver.com', '대구시어쩌고저쩌고', 1, '2023-07-21 17:30:04', '2023-07-21 17:30:04', 0, 'ROLE_STUDENT'),
(22, '2310513', 'ea0a97b661aee91b3b11cb37895fa8354edcd7a07c19d725c4d7309f11891194', 50, 1, '흠흠', 'F', NULL, '2023-07-21', '010-2120-3636', 'a2aadf2@naver.com', '대구시어쩌고저쩌고', 1, '2023-07-21 17:53:40', '2023-07-21 17:53:40', 0, 'ROLE_STUDENT'),
(23, '23100014', 'ea0a97b661aee91b3b11cb37895fa8354edcd7a07c19d725c4d7309f11891194', 10, 1, '하하', 'F', NULL, '2023-07-21', '010-2120-3636', 'a2aadf2823@naver.com', '대구시어쩌고저쩌고', 1, '2023-07-21 17:59:08', '2023-07-21 17:59:08', 0, 'ROLE_STUDENT'),
(24, '23100015', 'ea0a97b661aee91b3b11cb37895fa8354edcd7a07c19d725c4d7309f11891194', 11, 1, '다시', 'F', NULL, '2023-07-21', '010-2120-3636', 'a2aahh23@naver.com', '대구시어쩌고저쩌고', 1, '2023-07-21 17:59:26', '2023-07-21 17:59:26', 0, 'ROLE_STUDENT'),
(26, '23100016', 'ea0a97b661aee91b3b11cb37895fa8354edcd7a07c19d725c4d7309f11891194', 15, 1, '시작', 'F', NULL, '2023-07-21', '010-2120-3636', 'a2aahh232@naver.com', '대구시어쩌고저쩌고', 1, '2023-07-21 18:06:37', '2023-07-21 18:06:37', 0, 'ROLE_STUDENT'),
(27, '23100017', 'ea0a97b661aee91b3b11cb37895fa8354edcd7a07c19d725c4d7309f11891194', 10, 1, '한다', 'F', NULL, '2023-07-21', '010-2120-3636', 'a2aahhd@naver.com', '대구시어쩌고저쩌고', 1, '2023-07-21 18:07:49', '2023-07-21 18:07:49', 0, 'ROLE_STUDENT'),
(28, '23100018', 'ea0a97b661aee91b3b11cb37895fa8354edcd7a07c19d725c4d7309f11891194', 10, 1, '가짜로', 'F', NULL, '2023-07-21', '010-2120-3636', 'a2aahh2d@naver.com', '대구시어쩌고저쩌고', 1, '2023-07-21 18:09:15', '2023-07-21 18:09:15', 0, 'ROLE_STUDENT'),
(29, '23110001', 'ea0a97b661aee91b3b11cb37895fa8354edcd7a07c19d725c4d7309f11891194', 11, 1, '혁흑흑', 'F', NULL, '2023-07-21', '010-2120-3636', 'zgu@naver.com', '대구시어쩌고저쩌고', 1, '2023-07-21 18:33:44', '2023-07-21 18:33:44', 0, 'ROLE_STUDENT'),
(30, '23200001', '9ca71c12d8576899148414fcecbc75f30b3e0c2b2029e14884d43cc33561aaa2', 20, 1, '진짜로', 'M', NULL, '1991-05-16', '010-2120-3636', '이것도하는거야?', '어디까지올라가는거에요?', 1, '2023-07-21 18:41:29', '2023-07-21 18:41:29', 0, 'ROLE_STUDENT'),
(31, '23200002', '9ca71c12d8576899148414fcecbc75f30b3e0c2b2029e14884d43cc33561aaa2', 20, 1, '몰라', 'M', NULL, '1991-05-16', '010-2120-3636', '이것도하는거야?1', '어디까지올라가는거에요?', 1, '2023-07-21 18:42:00', '2023-07-21 18:42:00', 0, 'ROLE_STUDENT'),
(32, '23150003', '54db23dab4d1c1fddc90b19508913cc30f70369e30bfbfb2eff7c2688d1b5302', 15, 1, '오박사', 'F', NULL, '1999-07-28', '010-2888-1574', 'ASTE123@NAVER.COM', '그린대학그린방바닥', 1, '2023-07-28 16:12:56', '2023-07-28 16:12:56', 0, 'ROLE_STUDENT');

INSERT INTO `student_semester_score` (`istudent`, `isemester`, `score`, `grade`, `del_yn`, `avg_score`, `rating`) VALUES
(1, 20, 21, 3, 0, 38, 4.5),
(1, 21, 16, 1, 0, 38, 2.6),
(3, 20, 21, 1, 0, 90, 4.2),
(3, 21, 15, 1, 0, 65, 3.1),
(4, 20, 16, 1, 0, 60, 3.1),
(4, 21, 21, 1, 0, 88, 4.1),
(6, 20, 23, 1, 0, 80, 3.9),
(6, 21, 23, 1, 0, 88, 4.1),
(7, 20, 17, 1, 0, 45, 2.5),
(8, 20, 24, 1, 0, 55, 2.9),
(9, 20, 25, 1, 0, 88, 4.1),
(11, 20, 16, 1, 0, 75, 3.7),
(23, 20, 24, 1, 0, 50, 2.7),
(30, 20, 23, 3, 0, 70, 3.8),
(30, 21, 21, 3, 0, 80, 2.6);

INSERT INTO `lecture_applly` (`ilecture`, `ilecture_name`, `ilecture_room`, `iprofessor`, `isemester`, `opening_procedures`, `lecture_str_date`, `lecture_end_date`, `lecture_str_time`, `lecture_end_time`, `attendance`, `midterm_examination`, `final_examination`, `lecture_max_people`, `grade_limit`, `del_yn`, `created_at`) VALUES
(4, 17, 2, 100029, 21, 0, '2023-03-04', '2023-06-30', '09:00:00', '10:00:00', 30, 40, 30, 27, 3, 0, '2023-07-24 16:32:44'),
(5, 19, 2, 100007, 21, 2, '2023-03-04', '2023-06-30', '10:00:00', '11:00:00', 20, 40, 40, 30, 1, 0, '2023-07-24 16:37:26'),
(6, 78, 1, 100023, 21, 1, '2023-03-04', '2023-06-30', '10:00:00', '11:00:00', 20, 40, 40, 30, 1, 0, '2023-07-24 16:38:03'),
(7, 48, 1, 100009, 20, 3, '2023-03-04', '2023-06-30', '10:00:00', '11:00:00', 20, 40, 40, 30, 1, 0, '2023-07-24 16:38:03'),
(8, 99, 1, 100024, 21, 1, '2023-03-04', '2023-06-30', '10:00:00', '11:00:00', 20, 40, 40, 30, 1, 0, '2023-07-24 16:38:03'),
(9, 30, 1, 100026, 20, 2, '2023-03-04', '2023-06-30', '10:00:00', '11:00:00', 20, 40, 40, 30, 1, 0, '2023-07-24 16:38:04'),
(10, 137, 1, 100025, 20, 1, '2023-03-04', '2023-06-30', '10:00:00', '11:00:00', 20, 40, 40, 30, 1, 0, '2023-07-24 16:38:04'),
(11, 23, 1, 100029, 20, 1, '2023-03-04', '2023-06-30', '10:00:00', '11:00:00', 20, 40, 40, 30, 1, 0, '2023-07-24 16:38:04'),
(12, 103, 1, 100028, 20, 4, '2023-03-04', '2023-06-30', '10:00:00', '11:00:00', 20, 40, 40, 30, 1, 0, '2023-07-24 16:38:04'),
(13, 97, 1, 100023, 20, 4, '2023-03-04', '2023-06-30', '10:00:00', '11:00:00', 20, 40, 40, 30, 1, 0, '2023-07-24 16:38:05'),
(14, 104, 1, 100026, 20, 4, '2023-03-04', '2023-06-30', '10:00:00', '11:00:00', 20, 40, 40, 30, 1, 0, '2023-07-24 16:38:05'),
(15, 73, 1, 100007, 20, 1, '2023-03-04', '2023-06-30', '10:00:00', '11:00:00', 20, 40, 40, 30, 1, 0, '2023-07-24 16:38:05'),
(16, 85, 1, 100007, 21, 3, '2023-03-04', '2023-06-30', '10:00:00', '11:00:00', 20, 40, 40, 30, 1, 0, '2023-07-24 16:38:05'),
(17, 48, 1, 100007, 20, 3, '2023-03-04', '2023-06-30', '10:00:00', '11:00:00', 20, 40, 40, 30, 1, 0, '2023-07-24 16:38:06'),
(18, 140, 1, 100007, 20, 1, '2023-03-04', '2023-06-30', '10:00:00', '11:00:00', 20, 40, 40, 30, 1, 0, '2023-07-24 16:38:06'),
(19, 77, 1, 100007, 20, 0, '2023-03-04', '2023-06-30', '10:00:00', '11:00:00', 20, 40, 40, 30, 1, 0, '2023-07-24 16:38:06'),
(20, 25, 1, 100007, 20, 0, '2023-03-04', '2023-06-30', '10:00:00', '11:00:00', 20, 40, 40, 30, 1, 0, '2023-07-24 16:38:06'),
(21, 140, 1, 100007, 20, 0, '2023-03-04', '2023-06-30', '10:00:00', '11:00:00', 20, 40, 40, 30, 1, 0, '2023-07-24 16:38:07'),
(22, 100, 1, 100007, 21, 1, '2023-03-04', '2023-06-30', '10:00:00', '11:00:00', 20, 40, 40, 30, 1, 0, '2023-07-24 16:38:07'),
(23, 23, 2, 100029, 20, 2, '2023-07-27', '2023-07-27', '14:00:00', '15:00:00', 40, 20, 40, 26, 3, 0, '2023-07-27 17:43:49'),
(24, 23, 2, 100029, 20, 2, '2023-07-27', '2023-07-27', '14:00:00', '15:00:00', 40, 20, 40, 26, 3, 0, '2023-07-27 17:44:18'),
(27, 23, 2, 100007, 20, 2, '2023-07-27', '2023-07-27', '14:00:00', '15:00:00', 30, 30, 40, 26, 3, 0, '2023-07-27 17:48:09'),
(30, 23, 1, 100007, 21, 2, '2023-03-27', '2023-06-27', '14:00:00', '15:00:00', 27, 31, 42, 26, 2, 0, '2023-07-27 18:00:06'),
(31, 23, 1, 100007, 21, 2, '2023-03-27', '2023-06-27', '14:00:00', '15:00:00', 29, 30, 41, 26, 2, 0, '2023-07-27 18:00:19'),
(32, 23, 1, 100007, 21, 2, '2023-03-27', '2023-06-27', '14:00:00', '15:00:00', 33, 33, 34, 26, 2, 0, '2023-07-27 18:01:57'),
(34, 23, 1, 100007, 21, 1, '2023-07-28', '2023-07-28', '15:00:00', '16:00:00', 20, 40, 40, 25, 4, 0, '2023-07-28 11:06:05'),
(41, 23, 1, 100007, 21, 1, '2023-07-28', '2023-07-28', '15:00:00', '16:00:00', 20, 40, 40, 25, 4, 0, '2023-07-28 11:31:31'),
(42, 23, 1, 100007, 21, 1, '2023-07-28', '2023-07-28', '15:00:00', '16:00:00', 20, 40, 40, 25, 4, 0, '2023-07-28 11:31:53'),
(43, 23, 1, 100007, 21, 1, '2023-07-28', '2023-07-28', '15:00:00', '16:00:00', 30, 40, 30, 25, 4, 0, '2023-07-28 11:42:24'),
(44, 23, 1, 100029, 20, 1, '2023-07-28', '2023-07-28', '17:00:00', '18:00:00', 20, 40, 40, 15, 2, 0, '2023-07-28 11:50:38'),
(45, 23, 1, 100029, 21, 1, '2023-07-28', '2023-07-28', '16:00:00', '17:00:00', 30, 60, 600, 20, 1, 0, '2023-07-28 14:15:06'),
(46, 23, 1, 100029, 21, 1, '2023-07-28', '2023-07-28', '16:00:00', '17:00:00', 30, 40, 30, 20, 1, 0, '2023-07-28 14:26:40');

INSERT INTO `lecture_day_week` (`ilecture`, `day_week`, `del_yn`) VALUES
(4, 5, 0),
(5, 3, 0),
(5, 2, 0),
(18, 1, 0),
(19, 5, 0),
(20, 6, 0),
(10, 0, 0),
(15, 1, 0),
(16, 3, 0),
(17, 3, 0),
(21, 4, 0),
(22, 6, 0);

INSERT INTO `leture_condition` (`ilecture`, `return_ctnt`, `return_date`, `del_yn`) VALUES
(4, '진짜수업 개별로', '2023-07-24 18:21:11', 0),
(19, 'string', '2023-07-24 18:17:50', 0),
(20, '반려', '2023-07-24 17:03:55', 0),
(21, '개별로임', '2023-07-24 18:03:36', 0);


INSERT INTO `lecture_student` (`ilecture_student`, `istudent`, `ilecture`, `finished_yn`, `attendance`, `midterm_examination`, `final_examination`, `total_score`, `created_at`, `update_at`, `finished_at`, `correction_at`, `del_yn`) VALUES
(1, 1, 4, 1, 20, 30, 30, 80, '2023-07-24 16:46:29', '2023-07-28 18:06:08', '2023-07-24', '2023-08-11 12:39:14', 0),
(2, 3, 4, 1, 10, 10, 10, 30, '2023-07-24 16:47:03', '2023-07-27 21:37:30', '2023-07-25', '2023-08-10 21:37:30', 0),
(3, 4, 4, 1, 20, 25, 35, 80, '2023-07-24 16:47:14', '2023-07-24 16:47:14', NULL, NULL, 0),
(4, 6, 5, 1, 10, 10, 10, 30, '2023-07-24 16:47:14', '2023-07-26 17:02:15', NULL, NULL, 0),
(5, 7, 8, 1, 20, 20, 15, 55, '2023-07-24 16:47:15', '2023-07-24 16:47:15', NULL, NULL, 0),
(6, 8, 9, 1, 20, 25, 10, 55, '2023-07-24 16:47:15', '2023-07-24 16:47:15', NULL, NULL, 0),
(7, 9, 8, 1, 20, 35, 40, 95, '2023-07-24 16:47:15', '2023-07-24 16:47:15', NULL, NULL, 0),
(8, 11, 10, 1, 20, 20, 25, 65, '2023-07-24 16:47:15', '2023-07-24 16:47:15', NULL, NULL, 0),
(9, 12, 11, 1, 20, 10, 40, 70, '2023-07-24 16:47:15', '2023-07-24 16:47:15', NULL, NULL, 0),
(10, 13, 9, 1, 20, 15, 40, 75, '2023-07-24 16:47:15', '2023-07-24 16:47:15', NULL, NULL, 0),
(11, 14, 5, 1, 20, 25, 40, 85, '2023-07-24 16:47:16', '2023-07-24 16:47:16', NULL, NULL, 0),
(12, 15, 4, 1, 20, 30, 40, 90, '2023-07-24 16:47:16', '2023-07-24 16:47:16', NULL, NULL, 0),
(13, 30, 4, 1, 20, 10, 40, 70, '2023-07-24 16:47:16', '2023-07-24 16:47:16', NULL, NULL, 0),
(14, 1, 5, 1, 10, 10, 10, 30, '2023-07-25 15:29:17', '2023-07-25 15:29:17', '2023-07-25', NULL, 0),
(15, 3, 5, 1, 0, 0, 0, 0, '2023-07-25 16:11:28', '2023-07-25 16:11:28', '2023-07-25', NULL, 0);

















/*!40000 ALTER TABLE `semester` ENABLE KEYS */;






