set
foreign_key_checks = 0;

INSERT
ignore  `admin` (`iadmin`, `admin_Id`, `admin_password`, `del_yn`, `role`, `secret_key`) VALUES
(1, 'admin', '{bcrypt}$2a$10$JaMwQdbpjKN/BgycWDDRKurWqpA9WFufe42h1ToIIipI1TO5ztRWm', 0, 'ROLE_ADMIN', NULL);

INSERT
ignore  `board` (`iboard`, `iadmin`, `ctnt`, `created_at`, `updated_at`, `importance`, `board_view`, `del_yn`, `title`) VALUES
(1, 1, 'dlddldldldldlld', '2023-07-21 16:40:22', '2023-08-02 17:40:43', 1, 2, 1, 'dlddldldldldlld'),
(2, 1, 'ㅁㄴㅇ', '2023-07-21 16:40:39', '2023-07-21 16:40:39', 0, 0, 1, 'ㅁㄴㅇ'),
(3, 1, 'ㅁㄴㅇ', '2023-07-21 16:41:19', '2023-07-21 16:41:19', 0, 0, 0, 'ㅁㄴㅇ'),
(4, 1, '저는 맞아야해요', '2023-07-21 16:43:23', '2023-07-21 16:43:23', 0, 0, 0, '저같은 놈은 맞아야해요'),
(5, 1, '저는 맞아야해요', '2023-07-21 16:44:48', '2023-07-21 16:44:48', 0, 0, 0, '저같은 놈은 맞아야해요'),
(6, 1, '저는 맞아야해요', '2023-07-21 16:46:18', '2023-07-21 16:46:18', 0, 0, 0, '저같은 놈은 맞아야해요'),
(7, 1, 'aaa', '2023-07-24 10:36:26', '2023-07-24 10:36:26', 0, 0, 0, 'aaaa'),
(8, 1, 'bbb', '2023-07-24 10:36:38', '2023-07-24 10:36:38', 0, 0, 0, 'bbb'),
(9, 1, 'nnn', '2023-07-24 10:36:44', '2023-07-24 10:36:44', 0, 0, 0, 'nnn'),
(10, 1, 'qqqq', '2023-07-24 10:36:50', '2023-07-24 10:36:50', 0, 0, 0, 'qqqqnnn'),
(11, 1, 'iiii', '2023-07-24 10:36:56', '2023-07-24 10:36:56', 1, 0, 0, 'iiii'),
(12, 1, 'bbbb', '2023-07-24 10:36:59', '2023-07-24 10:36:59', 1, 2, 0, 'bbbb'),
(13, 1, 'pppp', '2023-07-24 10:37:06', '2023-07-24 10:37:06', 0, 4, 0, 'pppp'),
(14, 1, 'nnnqqq', '2023-07-24 10:37:14', '2023-07-24 10:37:14', 0, 0, 0, 'tttt'),
(15, 1, 'yyyyy', '2023-07-24 10:37:17', '2023-07-24 10:37:17', 0, 12, 0, 'yyyy'),
(16, 1, 'aaddd', '2023-07-24 10:37:24', '2023-07-24 10:37:24', 0, 0, 1, 'ddddaa'),
(17, 1, 'uuuu', '2023-07-24 12:10:31', '2023-07-24 12:10:31', 0, 0, 0, 'uuuu'),
(18, 1, 'eee', '2023-07-24 12:10:37', '2023-07-24 12:10:37', 0, 0, 0, 'eee'),
(19, 1, 'zzz', '2023-07-24 12:10:41', '2023-07-24 12:10:41', 0, 0, 0, 'zzzz'),
(20, 1, '123', '2023-07-26 14:59:16', '2023-07-26 14:59:16', 0, 0, 0, '123'),
(21, 1, '123', '2023-07-26 15:02:54', '2023-07-26 15:02:54', 0, 0, 0, '456'),
(22, 1, 'qwe', '2023-08-03 15:12:33', '2023-08-03 15:12:33', 0, 0, 0, 'qwe'),
(23, 1, 'qwe', '2023-08-03 15:14:55', '2023-08-03 15:14:55', 0, 0, 0, 'qwe'),
(24, 1, 'qwe', '2023-08-03 15:16:00', '2023-08-03 15:16:00', 0, 0, 0, 'qwe'),
(25, 1, 'qwe', '2023-08-03 15:16:41', '2023-08-03 15:16:41', 0, 0, 0, 'qwe');


INSERT
ignore  `board_pics` (`ipic`, `iboard`, `pic`) VALUES
(1, 24, '460dcb0e-f349-46bf-a8f7-6fb8d93c897b.png'),
(2, 24, 'e2283de2-03ac-4435-a190-2e3ffe22bff2.png');







INSERT
ignore  `lecture_day_week` (`ilecture`, `day_week`, `del_yn`) VALUES
(4, 5, 0),
(5, 3, 0),
(5, 2, 0),
(18, 1, 0),
(19, 5, 0),
(20, 6, 0),
(10, 0, 0),
(15, 1, 0),
(16, 3, 0),
(17, 3, 0),
(21, 4, 0),
(22, 6, 0),
(53, 5, 0),
(53, 6, 0),
(54, 5, 0),
(54, 6, 0),
(55, 5, 0),
(55, 6, 0),
(56, 2, 0),
(56, 3, 0);

INSERT
ignore  `lecture_name` (`ilecture_name`, `lecture_name`, `score`, `del_yn`) VALUES
(1, '물리1', 1, 0),
(17, '물리학1', 1, 0),
(18, '수학1', 1, 0),
(19, '고급 화학', 2, 0),
(20, '화학 실험', 2, 0),
(21, '정보 과학', 3, 0),
(22, '프로그래밍', 3, 0),
(23, '융합과학탐구', 3, 0),
(24, '기하', 1, 0),
(25, '확학1', 1, 0),
(26, '확률과 통계', 1, 0),
(27, '디지털 논리 회로', 2, 0),
(28, '공학일반', 1, 0),
(29, '생활과 과학', 1, 0),
(30, '물리학실험', 1, 0),
(31, '로봇 지능 개발', 1, 0),
(47, 'IT건성기초역학', 3, 0),
(48, '미분적분학', 1, 0),
(49, '미분방적식', 1, 0),
(50, '일반물리학', 1, 0),
(51, '실용정산', 1, 0),
(52, '건축구조역학', 3, 0),
(53, '건축재료학', 3, 0),
(54, '전산구조해석', 3, 0),
(55, '건축전산학', 1, 0),
(56, '건축벌기계획', 1, 0),
(57, '건축설비계획', 2, 0),
(58, '건축토목갭스톤디자인', 1, 0),
(59, '건설IT', 1, 0),
(60, '서양건축사', 1, 0),
(61, '게임총론', 3, 0),
(62, '발상과표현', 1, 0),
(63, '웹콘텐츠제작기초', 1, 0),
(64, 'C프로그래밍', 1, 0),
(65, '게임개발기초', 1, 0),
(66, '게임그래픽1', 3, 0),
(67, '2D게임프로그래밍', 3, 0),
(68, 'C#프로그래밍', 3, 0),
(69, 'C++프로그래밍', 1, 0),
(70, '객체지향프로그래밍(JAVA)', 1, 0),
(71, '게임일러스트레이션', 2, 0),
(72, '신형대수학', 1, 0),
(73, '이산수학', 1, 0),
(74, '게임분석 및 기획', 1, 0),
(75, '게임수학', 1, 0),
(76, '웹프로그래밍', 1, 0),
(77, '유기화확실험', 3, 0),
(78, '물리화학실험', 1, 0),
(79, '분석화확', 1, 0),
(80, '무기화확', 1, 0),
(81, '화공양론', 1, 0),
(82, '일어1', 3, 0),
(83, '경제의이해', 3, 0),
(84, '현대물리학의세계', 3, 0),
(85, '물리학2', 1, 0),
(86, '실용영어', 1, 0),
(87, '공학화학실험', 2, 0),
(88, '나노재료설계', 1, 0),
(89, '고분자개론', 1, 0),
(90, '고분자화학', 1, 0),
(91, '공학기초설계', 1, 0),
(92, '유변학', 1, 0),
(93, '인성과 비판적 사고', 3, 0),
(94, '의사소통', 1, 0),
(95, '정보문해', 1, 0),
(96, '인간과문화', 1, 0),
(97, '사회와 역사', 1, 0),
(98, '자연과 과학', 3, 0),
(99, '미래융복합', 3, 0),
(100, '국제화', 3, 0),
(101, '진로와 취업', 1, 0),
(102, '예술과 체육', 1, 0),
(103, '생물학 및 실험', 2, 0),
(104, '일반생물학 및 실험', 1, 0),
(105, '도시와환경', 1, 0),
(106, '기초설계및실습', 1, 0),
(107, 'CAD', 1, 0),
(108, '공업역학', 1, 0),
(109, '교통공학론', 3, 0),
(110, '교통계획록', 1, 0),
(111, '도로공학', 1, 0),
(112, '교총계량분석', 1, 0),
(113, '교통류이론', 1, 0),
(114, '교통지리정보시스템', 3, 0),
(115, '교통빅데이터분석기초', 3, 0),
(116, '교통시설공학', 3, 0),
(117, '교통경제분석', 1, 0),
(118, '지구교통계획', 1, 0),
(119, '대중교통', 2, 0),
(120, '교통수요분석', 1, 0),
(121, '교통용량분석', 1, 0),
(122, '포장설계', 1, 0),
(123, '지속가능교통', 1, 0),
(124, '철도공학', 1, 0),
(125, '군사법규개론', 3, 0),
(126, '미래국방과학기술과무기체계', 1, 0),
(127, '탄야구조및병기구조학', 1, 0),
(128, '군경영학의이해', 1, 0),
(129, 'EZ기초수학', 1, 0),
(130, '기화강학특론', 3, 0),
(131, '나노광학', 3, 0),
(132, '디자인 매니지먼트', 3, 0),
(133, '금형재료특론', 1, 0),
(134, '금형제작특론', 1, 0),
(135, '역설계공학톡론', 2, 0),
(136, '조명공학', 1, 0),
(137, '반도체레이져', 1, 0),
(138, '전산광학', 1, 0),
(139, '산업디자인', 1, 0),
(140, '최적설계', 1, 0);



INSERT
ignore  `lecture_room` (`ilecture_room`, `lecture_room_name`, `building_name`, `max_capacity`, `del_yn`) VALUES
(1, '502호', '백매관', 30, 0),
(2, '503호', '백매관', 30, 0),
(3, '504호', '백매관', 30, 0),
(4, '505호', '백매관', 30, 0),
(5, '506호', '백매관', 30, 0);


INSERT
ignore  `lecture_applly` (`ilecture`, `ilecture_name`, `ilecture_room`, `iprofessor`, `isemester`, `opening_procedures`, `lecture_str_date`, `lecture_end_date`, `lecture_str_time`, `lecture_end_time`, `attendance`, `midterm_examination`, `final_examination`, `lecture_max_people`, `grade_limit`, `del_yn`, `created_at`) VALUES
                    (4, 17, 2, 100029, 21, 0, '2023-03-04', '2023-06-30', '09:00:00', '10:00:00', 30, 40, 30, 27, 3, 0, '2023-07-24 16:32:44'),
                    (5, 19, 2, 100007, 21, 0, '2023-03-04', '2023-06-30', '10:00:00', '11:00:00', 20, 40, 40, 30, 1, 0, '2023-07-24 16:37:26'),
                    (6, 78, 1, 100023, 21, 2, '2023-03-04', '2023-06-30', '10:00:00', '11:00:00', 20, 40, 40, 30, 1, 0, '2023-07-24 16:38:03'),
                    (7, 48, 1, 100009, 20, 3, '2023-03-04', '2023-06-30', '10:00:00', '11:00:00', 20, 40, 40, 30, 1, 0, '2023-07-24 16:38:03'),
                    (8, 99, 1, 100024, 21, 1, '2023-03-04', '2023-06-30', '10:00:00', '11:00:00', 20, 40, 40, 30, 1, 0, '2023-07-24 16:38:03'),
                    (9, 30, 1, 100026, 20, 2, '2023-03-04', '2023-06-30', '10:00:00', '11:00:00', 20, 40, 40, 30, 1, 0, '2023-07-24 16:38:04'),
                    (10, 137, 1, 100025, 20, 1, '2023-03-04', '2023-06-30', '10:00:00', '11:00:00', 20, 40, 40, 30, 1, 0, '2023-07-24 16:38:04'),
                    (11, 23, 1, 100029, 20, 3, '2023-03-04', '2023-06-30', '10:00:00', '11:00:00', 20, 40, 40, 30, 1, 0, '2023-07-24 16:38:04'),
                    (12, 103, 1, 100028, 20, 4, '2023-03-04', '2023-06-30', '10:00:00', '11:00:00', 20, 40, 40, 30, 1, 0, '2023-07-24 16:38:04'),
                    (13, 97, 1, 100023, 20, 4, '2023-03-04', '2023-06-30', '10:00:00', '11:00:00', 20, 40, 40, 30, 1, 0, '2023-07-24 16:38:05'),
                    (14, 104, 1, 100026, 20, 4, '2023-03-04', '2023-06-30', '10:00:00', '11:00:00', 20, 40, 40, 30, 1, 0, '2023-07-24 16:38:05'),
                    (15, 73, 1, 100007, 20, 1, '2023-03-04', '2023-06-30', '10:00:00', '11:00:00', 20, 40, 40, 30, 1, 0, '2023-07-24 16:38:05'),
                    (16, 85, 1, 100007, 21, 3, '2023-03-04', '2023-06-30', '10:00:00', '11:00:00', 20, 40, 40, 30, 1, 0, '2023-07-24 16:38:05'),
                    (17, 48, 1, 100007, 20, 3, '2023-03-04', '2023-06-30', '10:00:00', '11:00:00', 20, 40, 40, 30, 1, 0, '2023-07-24 16:38:06'),
                    (18, 140, 1, 100007, 20, 0, '2023-03-04', '2023-06-30', '10:00:00', '11:00:00', 20, 40, 40, 30, 1, 0, '2023-07-24 16:38:06'),
                    (19, 77, 1, 100007, 20, 0, '2023-03-04', '2023-06-30', '10:00:00', '11:00:00', 20, 40, 40, 30, 1, 0, '2023-07-24 16:38:06'),
                    (20, 25, 1, 100007, 20, 0, '2023-03-04', '2023-06-30', '10:00:00', '11:00:00', 20, 40, 40, 30, 1, 0, '2023-07-24 16:38:06'),
                    (21, 140, 1, 100007, 20, 0, '2023-03-04', '2023-06-30', '10:00:00', '11:00:00', 20, 40, 40, 30, 1, 0, '2023-07-24 16:38:07'),
                    (22, 100, 1, 100007, 21, 1, '2023-03-04', '2023-06-30', '10:00:00', '11:00:00', 20, 40, 40, 30, 1, 0, '2023-07-24 16:38:07'),
                    (23, 23, 2, 100029, 20, 2, '2023-07-27', '2023-07-27', '14:00:00', '15:00:00', 40, 20, 40, 26, 3, 0, '2023-07-27 17:43:49'),
                    (24, 23, 2, 100029, 20, 2, '2023-07-27', '2023-07-27', '14:00:00', '15:00:00', 40, 20, 40, 26, 3, 0, '2023-07-27 17:44:18'),
                    (27, 23, 2, 100007, 20, 2, '2023-07-27', '2023-07-27', '14:00:00', '15:00:00', 30, 30, 40, 26, 3, 0, '2023-07-27 17:48:09'),
                    (30, 23, 1, 100007, 21, 2, '2023-03-27', '2023-06-27', '14:00:00', '15:00:00', 27, 31, 42, 26, 2, 0, '2023-07-27 18:00:06'),
                    (31, 23, 1, 100007, 21, 2, '2023-03-27', '2023-06-27', '14:00:00', '15:00:00', 29, 30, 41, 26, 2, 0, '2023-07-27 18:00:19'),
                    (32, 23, 1, 100007, 21, 2, '2023-03-27', '2023-06-27', '14:00:00', '15:00:00', 33, 33, 34, 26, 2, 0, '2023-07-27 18:01:57'),
                    (34, 23, 1, 100007, 21, 1, '2023-07-28', '2023-07-28', '15:00:00', '16:00:00', 20, 40, 40, 25, 1, 0, '2023-07-28 11:06:05'),
                    (41, 23, 1, 100007, 21, 1, '2023-07-28', '2023-07-28', '15:00:00', '16:00:00', 20, 40, 40, 25, 1, 0, '2023-07-28 11:31:31'),
                    (42, 23, 1, 100007, 21, 1, '2023-07-28', '2023-07-28', '15:00:00', '16:00:00', 20, 40, 40, 25, 1, 0, '2023-07-28 11:31:53'),
                    (43, 23, 1, 100007, 21, 1, '2023-07-28', '2023-07-28', '15:00:00', '16:00:00', 30, 40, 30, 25, 4, 0, '2023-07-28 11:42:24'),
                    (44, 23, 1, 100029, 20, 1, '2023-07-28', '2023-07-28', '17:00:00', '18:00:00', 20, 40, 40, 15, 2, 0, '2023-07-28 11:50:38'),
                    (45, 23, 1, 100029, 21, 1, '2023-07-28', '2023-07-28', '16:00:00', '17:00:00', 30, 60, 600, 20, 1, 0, '2023-07-28 14:15:06'),
                    (46, 23, 1, 100029, 21, 1, '2023-07-28', '2023-07-28', '16:00:00', '17:00:00', 30, 40, 30, 20, 1, 0, '2023-07-28 14:26:40'),
                    (47, 1, 2, 100009, 20, 1, '2023-03-02', '2023-06-30', '09:00:00', '10:00:00', 30, 40, 30, 25, 2, 0, '2023-08-02 17:27:30'),
                    (48, 76, 1, 100028, 20, 1, '2023-08-04', '2023-08-04', '16:00:00', '17:00:00', 30, 30, 40, 25, 1, 0, '2023-08-04 15:57:48'),
                    (49, 97, 1, 100029, 20, 1, '2023-08-04', '2023-08-04', '12:00:00', '13:00:00', 20, 40, 40, 25, 2, 0, '2023-08-04 17:31:59'),
                    (50, 97, 1, 100029, 20, 1, '2023-08-04', '2023-08-04', '12:00:00', '13:00:00', 20, 40, 40, 25, 2, 0, '2023-08-04 18:14:52'),
                    (51, 97, 1, 100029, 20, 1, '2023-08-04', '2023-08-04', '12:00:00', '13:00:00', 20, 40, 40, 25, 2, 0, '2023-08-04 18:15:19'),
                    (52, 97, 1, 100029, 20, 1, '2023-08-04', '2023-08-04', '12:00:00', '13:00:00', 20, 40, 40, 25, 2, 0, '2023-08-04 18:33:10'),
                    (53, 77, 1, 100023, 20, 1, '2023-08-04', '2023-08-04', '15:00:00', '16:00:00', 20, 40, 40, 25, 1, 0, '2023-08-04 19:10:26'),
                    (54, 77, 1, 100023, 20, 2, '2023-08-04', '2023-08-04', '15:00:00', '16:00:00', 20, 40, 40, 25, 1, 0, '2023-08-04 19:19:52'),
                    (55, 77, 1, 100023, 20, 3, '2023-08-04', '2023-08-04', '15:00:00', '16:00:00', 20, 40, 40, 25, 1, 0, '2023-08-04 19:20:57'),
                    (56, 30, 1, 100023, 20, 1, '2023-08-07', '2023-08-07', '11:00:00', '12:00:00', 30, 30, 40, 29, 1, 0, '2023-08-07 14:30:35');



INSERT
ignore  `lecture_student` (`ilecture_student`, `istudent`, `ilecture`, `finished_yn`, `attendance`, `midterm_examination`, `final_examination`, `total_score`, `created_at`, `update_at`, `finished_at`, `correction_at`, `del_yn`) VALUES
(1, 1, 4, 1, 10, 10, 10, 30, '2023-07-24 16:46:29', '2023-08-02 18:22:20', '2023-07-24', '2023-08-11 12:39:14', 0),
(2, 3, 4, 1, 10, 10, 10, 30, '2023-07-24 16:47:03', '2023-07-27 21:37:30', '2023-07-25', '2023-08-10 21:37:30', 0),
(3, 4, 4, 1, 20, 25, 35, 80, '2023-07-24 16:47:14', '2023-07-24 16:47:14', NULL, NULL, 0),
(4, 6, 5, 1, 10, 10, 10, 30, '2023-07-24 16:47:14', '2023-07-26 17:02:15', NULL, NULL, 0),
(5, 7, 8, 1, 20, 20, 15, 55, '2023-07-24 16:47:15', '2023-07-24 16:47:15', NULL, NULL, 0),
(6, 8, 9, 1, 20, 25, 10, 55, '2023-07-24 16:47:15', '2023-07-24 16:47:15', NULL, NULL, 0),
(7, 9, 8, 1, 20, 35, 40, 95, '2023-07-24 16:47:15', '2023-07-24 16:47:15', NULL, NULL, 0),
(8, 11, 10, 1, 20, 20, 25, 65, '2023-07-24 16:47:15', '2023-07-24 16:47:15', NULL, NULL, 0),
(9, 12, 11, 1, 20, 20, 20, 60, '2023-07-24 16:47:15', '2023-08-07 14:50:27', NULL, NULL, 0),
(10, 13, 9, 1, 20, 15, 40, 75, '2023-07-24 16:47:15', '2023-07-24 16:47:15', NULL, NULL, 0),
(11, 14, 5, 1, 20, 25, 40, 85, '2023-07-24 16:47:16', '2023-07-24 16:47:16', NULL, NULL, 0),
(12, 15, 4, 1, 20, 30, 40, 90, '2023-07-24 16:47:16', '2023-07-24 16:47:16', NULL, NULL, 0),
(13, 30, 4, 1, 20, 30, 30, 80, '2023-07-24 16:47:16', '2023-08-07 16:27:30', NULL, NULL, 0),
(14, 1, 5, 1, 10, 30, 30, 70, '2023-07-25 15:29:17', '2023-08-02 16:06:35', '2023-07-25', NULL, 0),
(15, 3, 5, 1, 0, 0, 0, 0, '2023-07-25 16:11:28', '2023-07-25 16:11:28', '2023-07-25', NULL, 0),
(17, 1, 9, 1, 0, 0, 0, 0, '2023-08-02 18:37:41', '2023-08-02 18:37:41', NULL, NULL, 0),
(18, 1, 11, 0, 0, 0, 0, 0, '2023-08-02 18:41:00', '2023-08-02 18:41:00', NULL, NULL, 0),
(19, 1, 24, 1, 0, 0, 0, 0, '2023-08-02 18:41:24', '2023-08-02 18:41:24', NULL, NULL, 0),
(20, 9, 24, 0, 0, 0, 0, 0, '2023-08-02 18:54:23', '2023-08-02 18:54:23', NULL, NULL, 0),
(21, 11, 11, 1, 0, 0, 0, 0, '2023-08-02 19:35:30', '2023-08-02 19:35:30', NULL, NULL, 0),
(23, 11, 24, 1, 0, 0, 0, 0, '2023-08-02 19:56:43', '2023-08-02 19:56:43', NULL, NULL, 0),
(24, 9, 5, 1, 0, 0, 0, 0, '2023-08-02 19:58:25', '2023-08-02 19:58:25', NULL, NULL, 0),
(25, 9, 6, 1, 0, 0, 0, 0, '2023-08-02 19:59:06', '2023-08-02 19:59:06', NULL, NULL, 0),
(26, 30, 11, 1, 0, 0, 0, 0, '2023-08-02 20:10:12', '2023-08-02 20:10:12', NULL, NULL, 0),
(27, 30, 24, 1, 0, 0, 0, 0, '2023-08-02 20:10:45', '2023-08-02 20:10:45', NULL, NULL, 0),
(28, 30, 6, 1, 0, 0, 0, 0, '2023-08-02 20:11:28', '2023-08-02 20:11:28', NULL, NULL, 0),
(29, 15, 11, 1, 0, 0, 0, 0, '2023-08-02 20:13:34', '2023-08-02 20:13:34', NULL, NULL, 0),
(30, 9, 11, 1, 0, 0, 0, 0, '2023-08-02 20:17:14', '2023-08-02 20:17:14', NULL, NULL, 0),
(31, 11, 9, 1, 0, 0, 0, 0, '2023-08-02 20:18:03', '2023-08-02 20:18:03', NULL, NULL, 0),
(32, 6, 8, 1, 0, 0, 0, 0, '2023-08-02 20:19:42', '2023-08-02 20:19:42', NULL, NULL, 0),
(34, 1, 6, 0, 0, 0, 0, 0, '2023-08-02 20:22:33', '2023-08-02 20:22:33', NULL, NULL, 0),
(35, 36, 21, 0, 0, 0, 0, 0, '2023-08-04 11:47:56', '2023-08-04 11:47:56', NULL, NULL, 0),
(36, 37, 4, 0, 0, 0, 0, 0, '2023-08-04 11:52:18', '2023-08-04 11:52:18', NULL, NULL, 0),
(37, 14, 18, 1, 0, 0, 0, 0, '2023-08-04 16:31:39', '2023-08-04 16:31:39', NULL, NULL, 0),
(38, 14, 48, 1, 0, 0, 0, 0, '2023-08-04 16:31:57', '2023-08-04 16:31:57', NULL, NULL, 0),
(39, 12, 48, 1, 0, 0, 0, 0, '2023-08-04 16:42:30', '2023-08-04 16:42:30', NULL, NULL, 0),
(40, 22, 48, 1, 0, 0, 0, 0, '2023-08-04 17:27:33', '2023-08-04 17:27:33', NULL, NULL, 0),
(41, 1, 54, 1, 0, 0, 0, 0, '2023-08-04 20:00:41', '2023-08-04 20:00:41', NULL, NULL, 0),
(44, 1, 55, 1, 0, 0, 0, 0, '2023-08-04 20:32:51', '2023-08-04 20:32:51', NULL, NULL, 0),
(45, 3, 21, 1, 0, 0, 0, 0, '2023-08-04 20:38:12', '2023-08-04 20:38:12', NULL, NULL, 0),
(46, 4, 55, 1, 0, 0, 0, 0, '2023-08-04 20:38:37', '2023-08-04 20:38:37', NULL, NULL, 0),
(47, 6, 55, 0, 0, 0, 0, 0, '2023-08-04 20:41:50', '2023-08-04 20:41:50', NULL, NULL, 0),
(48, 7, 55, 0, 0, 0, 0, 0, '2023-08-04 20:44:06', '2023-08-04 20:44:06', NULL, NULL, 0),
(49, 12, 54, 0, 0, 0, 0, 0, '2023-08-04 20:45:23', '2023-08-04 20:45:23', NULL, NULL, 0),
(50, 28, 4, 1, 20, 30, 30, 80, '2023-08-07 14:28:34', '2023-08-07 16:27:36', NULL, NULL, 0),
(51, 28, 54, 0, 0, 0, 0, 0, '2023-08-07 14:29:01', '2023-08-07 14:29:01', NULL, NULL, 0),
(52, 59, 4, 1, 20, 30, 30, 80, '2023-08-07 16:05:38', '2023-08-07 16:27:59', NULL, NULL, 0),
(53, 22, 19, 1, 0, 0, 0, 0, '2023-08-07 17:54:31', '2023-08-07 17:54:31', NULL, NULL, 0),
(54, 22, 18, 1, 0, 0, 0, 0, '2023-08-07 17:54:42', '2023-08-07 17:54:42', NULL, NULL, 0),
(55, 22, 20, 1, 0, 0, 0, 0, '2023-08-07 17:54:48', '2023-08-07 17:54:48', NULL, NULL, 0),
(56, 26, 10, 1, 0, 0, 0, 0, '2023-08-07 17:54:59', '2023-08-07 17:54:59', NULL, NULL, 0),
(57, 26, 15, 1, 0, 0, 0, 0, '2023-08-07 17:55:02', '2023-08-07 17:55:02', NULL, NULL, 0),
(58, 26, 16, 1, 0, 0, 0, 0, '2023-08-07 17:55:05', '2023-08-07 17:55:05', NULL, NULL, 0),
(59, 26, 17, 1, 0, 0, 0, 0, '2023-08-07 17:55:07', '2023-08-07 17:55:07', NULL, NULL, 0),
(60, 26, 21, 1, 0, 0, 0, 0, '2023-08-07 17:55:14', '2023-08-07 17:55:14', NULL, NULL, 0),
(61, 26, 22, 1, 0, 0, 0, 0, '2023-08-07 17:55:22', '2023-08-07 17:55:22', NULL, NULL, 0);

INSERT
ignore  `leture_condition` (`ilecture`, `return_ctnt`, `return_date`, `del_yn`) VALUES
(4, '진짜수업 개별로', '2023-07-24 18:21:11', 0),
(5, '', '2023-08-07 20:17:00', 0),
(18, '교수 개인 사정', '2023-08-04 18:09:55', 0),
(19, 'string', '2023-07-24 18:17:50', 0),
(20, '반려', '2023-07-24 17:03:55', 0),
(21, '개별로임', '2023-07-24 18:03:36', 0);


INSERT IGNORE `major`
(`imajor`, `major_name`, `graduation_score`, `del_yn`, `remarks`)
VALUES (1, 'q과', 120, 1, '구 ㅇㅇ'),
       (2, '건축공학과', 120, 1, ' '),
       (3, '무과과과과', 115, 1, '무과과과과'),
       (4, '무과', 125, 1, '고분자공학과'),
       (5, '무과과', 130, 0, '건축설비과'),
       (6, '안하이과', 132, 0, '구 하이과'),
       (7, '건설정보과', 125, 0, ' '),
       (8, '건축과', 120, 1, ' '),
       (9, '건축학과', 130, 1, ' '),
       (10, '게임콘텐츠과', 130, 1, ' '),
       (11, '공업화학과', 125, 0, ' '),
       (12, '교양공학부', 130, 0, ' '),
       (13, '교통공학과', 120, 0, ' '),
       (14, '국방기술학과', 140, 0, ' '),
       (15, '금형설계과', 136, 0, ' '),
       (16, '기계과', 130, 0, ' '),
       (17, '기계설계과', 140, 0, ' '),
       (18, '냉동공조공학과', 120, 0, ' '),
       (19, '국방기술과', 126, 0, ' '),
       (20, '금속공학과', 130, 0, ' '),
       (21, '기계공학과', 135, 0, ' '),
       (22, '기계설계공학과', 135, 0, ' '),
       (23, '나노공학과', 140, 0, ' '),
       (24, '도시건설과', 130, 0, ' '),
       (25, '도시공학과', 130, 0, ' '),
       (26, '디지털콘텐츠학과', 135, 0, ' '),
       (27, '로봇공학과', 125, 0, ' '),
       (28, '멀티미디어과', 120, 0, ' '),
       (29, '멀티미디어학과', 125, 0, ' '),
       (30, '시스템공학과', 130, 0, ' '),
       (31, '스마트폰과', 135, 0, ' '),
       (32, '시스템경영공학과', 135, 0, ' '),
       (33, '신소재공학과', 120, 0, ' '),
       (34, '전기과', 120, 0, ' '),
       (35, '자동차공학과', 130, 0, ' '),
       (36, '전자과', 140, 0, ' '),
       (37, '조선공학과', 130, 0, ' '),
       (38, '컴퓨터공학과', 130, 0, ' '),
       (39, '소프트웨어공학과', 135, 0, ' '),
       (40, '토목과', 135, 0, ' '),
       (41, '항공정비과', 140, 0, ' '),
       (42, '항해학과', 130, 0, ' '),
       (43, '화장품과', 130, 0, ' '),
       (44, '화학공업과', 130, 0, ' '),
       (45, '환경화학과', 130, 0, ' '),
       (46, '원자력공학과', 140, 0, ' '),
       (47, '안경광학과', 120, 0, ' '),
       (48, '인터넷정보과', 120, 0, ' '),
       (49, '재료공학과', 120, 0, ' '),
       (50, '조경과', 130, 0, ' ');

INSERT
ignore  `professor` (`iprofessor`, `imajor`, `professor_password`, `nm`, `gender`, `pic`, `birthdate`, `phone`, `email`, `address`, `created_at`, `updated_at`, `del_yn`, `role`, `secret_key`) VALUES
(100007, 2, '{bcrypt}$2a$10$8Qr6J57BbEcsmEfpNjdkZeKFEkmI8hfbBZqewQ7ey30fAqAyHcvby', 'sㅇㄴㅁ', 'F', '1442ae49-1579-4242-bd4c-682b4d0925f4.png', '2023-07-21', '010-9999-8888', 'pppp@naver.com', '대구 어딘가', '2023-07-21 16:59:53', '2023-08-04 10:56:27', 0, 'ROLE_PROFESSOR', NULL),
(100009, 14, 'ae2c9bf215760b887504c847bf9b8dfa0e63dcb970f097e167df2695f8791fad', 'sㅇㄴㅁ', 'F', NULL, '2023-07-21', '010-123-456', 'dlsioz@naver.com', '아앙', '2023-07-21 17:00:13', '2023-07-21 17:00:13', 0, 'ROLE_PROFESSOR', NULL),
(100011, 23, 'ae2c9bf215760b887504c847bf9b8dfa0e63dcb970f097e167df2695f8791fad', '배성현', 'F', NULL, '2023-07-21', '010-4567-4561', 'zlal@naver.com', '마마아', '2023-07-21 17:00:47', '2023-07-21 17:00:47', 0, 'ROLE_PROFESSOR', 'GMQWAUCRTRICGQ2MKS6ZRUHTYXXKTKF7'),
(100021, 4, 'ae2c9bf215760b887504c847bf9b8dfa0e63dcb970f097e167df2695f8791fad', '배성현', 'F', NULL, '2023-07-21', '010-4567-4561', 'qwedfucv@nate.com', '마마아', '2023-07-21 17:05:22', '2023-07-21 17:05:22', 0, 'ROLE_PROFESSOR', NULL),
(100023, 13, 'ae2c9bf215760b887504c847bf9b8dfa0e63dcb970f097e167df2695f8791fad', '배성현', 'F', NULL, '2023-07-21', '010-4567-4561', 'qqqqqwedfucv@nate.com', '마마아', '2023-07-21 17:27:57', '2023-07-21 17:27:57', 0, 'ROLE_PROFESSOR', NULL),
(100024, 3, '9a3055e77a59b5bf54d2ad6c88e0c0e7e847da52c9facb491f1a7cd820611138', '배성현', 'F', NULL, '2023-07-21', '010-1111-3333', 'skqi@mama.com', '대구시 광장', '2023-07-21 17:29:24', '2023-08-03 19:09:27', 0, 'ROLE_PROFESSOR', NULL),
(100025, 10, 'f386b4b4b1a401723ba3e27aadd18db642a1dbc07337dd7e3f8f2e21768abf75', '김보경', 'F', NULL, '1993-07-22', '010-4677-2584', 'bokki13@gmail.com', '어디한번찾아보시지', '2023-07-22 14:03:10', '2023-07-22 14:03:10', 0, 'ROLE_PROFESSOR', NULL),
(100026, 15, 'f386b4b4b1a401723ba3e27aadd18db642a1dbc07337dd7e3f8f2e21768abf75', '현보경', 'F', NULL, '1993-07-22', '010-4677-2584', 'bokki123@gmail.com', '어디한번찾아보시지', '2023-07-22 14:05:15', '2023-07-22 14:05:15', 0, 'ROLE_PROFESSOR', NULL),
(100027, 8, '65f5450b98a689b6ca662c53e394eb27872c62f207104bae90bb0c8fb86eb69c', '배성현', 'F', 'professor/100027/a535de38-7cd8-4bf5-b06e-9b6a45e47e4e.jpg', '2023-07-24', '1454-567-78', 'zkai@na.com', '사울', '2023-07-24 09:46:05', '2023-07-24 09:46:05', 0, 'ROLE_PROFESSOR', NULL),
(100028, 50, '65f5450b98a689b6ca662c53e394eb27872c62f207104bae90bb0c8fb86eb69c', '김재경', 'F', NULL, '2023-07-24', '010-5800-0768', 'worud2312@Qwe', 'eorn', '2023-07-24 11:06:52', '2023-07-24 11:06:52', 0, 'ROLE_PROFESSOR', NULL),
(100029, 20, '65f5450b98a689b6ca662c53e394eb27872c62f207104bae90bb0c8fb86eb69c', '김재경', 'F', 'professor/100029/1bfa7e0b-a95e-4eec-9ad1-31e69f948a83.jpg', '2023-07-24', '010-5800-0768', 'orud2312@Qwe', 'eorn', '2023-07-24 11:07:00', '2023-07-24 11:07:00', 0, 'ROLE_PROFESSOR', NULL),
(100030, 11, '65f5450b98a689b6ca662c53e394eb27872c62f207104bae90bb0c8fb86eb69c', '김재경', 'F', 'professor/100030/1fe55448-60af-4fa3-ac10-cc74026564a2.jpg', '2023-07-24', '010-5800-0768', '1rud2312@Qwe', 'eorn', '2023-07-24 11:07:03', '2023-07-24 11:07:03', 0, 'ROLE_PROFESSOR', NULL),
(100032, 1, '{bcrypt}$2a$10$oxHKEWzcROK5BG1.Mw74j.Ui6grDPsYeDrxuGNVVL.c7a5CKg2qDi', '남규진', 'M', NULL, '1999-07-17', '010-1235-7895', 'worud1556@naver.com', '경산 어딘가', '2023-08-02 17:29:52', '2023-08-02 17:29:52', 0, 'ROLE_PROFESSOR', 'GYNTWVC6K7SHHFN47N73WMHXFUG3SJ2O'),
(100033, 9, '{bcrypt}$2a$10$5Wk4Z.5qevUTaQQuNu5QZuc/iWQl6hncMgTKQQAGNK42AxUjYrA8m', '호호씨', 'F', NULL, '2023-08-04', '010-3388-8877', '', '', '2023-08-04 15:40:46', '2023-08-04 15:40:46', 0, 'ROLE_PROFESSOR', NULL),
(100040, 1, '{bcrypt}$2a$10$gv6m69mjj8wFs8SJ.xV6jOwI.akSPr2bxcRheEW.4Ia0MgLDrMSNm', '김교수', 'M', NULL, '1996-09-23', '010-1010-1010', NULL, NULL, '2023-08-04 16:50:53', '2023-08-04 16:50:53', 0, 'ROLE_PROFESSOR', '2FEBFWL7CW6SAUFWNYAPTC7Y6RQDQKPV'),
(100041, 1, '{bcrypt}$2a$10$okK7kh8vkqoOtBSiXHsp5u7V8yEpzvqCdpFYld3sBXMLxXAk47eZO', '박교수', 'F', NULL, '1996-09-23', '010-1213-2131', NULL, NULL, '2023-08-04 16:55:08', '2023-08-04 16:55:08', 0, 'ROLE_PROFESSOR', '3ZRABGUJMLLT5BBKB3WT2XENHFXH5KMT'),
(100042, 2, '{bcrypt}$2a$10$mKGYzEPI5HVNowQn1.Yx1Ou3IM0Km/43eQwZUQy4Sj1mK/8mboocW', '김교수', 'F', NULL, '1991-11-11', '010-1010-1010', NULL, NULL, '2023-08-04 18:19:06', '2023-08-04 18:19:06', 0, 'ROLE_PROFESSOR', NULL),
(100043, 1, '{bcrypt}$2a$10$HpF0vrJRxo8G3E7lZzZ1.OWLVq3dUmhyRr6aKAtbQaGCpwOh294VG', '박도흠', 'M', NULL, '1980-10-10', '010-0000-0000', NULL, NULL, '2023-08-04 18:26:12', '2023-08-04 18:26:12', 0, 'ROLE_PROFESSOR', NULL),
(100044, 1, '{bcrypt}$2a$10$.Gf.Dal7V9vX62ubQUAwre8Ri6UAe/mwW740NrshX31f2Aza8hA2W', '안녕하세요', 'M', NULL, '1999-12-12', '010-1010-1010', NULL, NULL, '2023-08-04 19:14:00', '2023-08-04 19:14:00', 0, 'ROLE_PROFESSOR', NULL),
(100045, 1, '{bcrypt}$2a$10$SBNGOdIjxnh41zJfjrsb5uW0ZYdoK7m4UPRCtXh.ALfOwsjVX.ZGG', '교수교수', 'M', NULL, '1996-11-11', '010-1010-1010', 'aer1242@naver.com', NULL, '2023-08-04 19:48:02', '2023-08-04 19:48:02', 0, 'ROLE_PROFESSOR', 'GVNT2IMR4NFHQTOWYFACCD6EBAFACH75');


INSERT
ignore  `semester` (`isemester`, `year`, `semester`, `semester_str_date`, `semester_end_date`, `del_yn`) VALUES
(20, '2023', 1, '2023-03-02', '2023-06-30', 0),
(21, '2023', 2, '2023-08-12', '2023-12-24', 0);


INSERT
ignore  `student` (`istudent`, `student_num`, `student_password`, `imajor`, `grade`, `nm`, `gender`, `pic`, `birthdate`, `phone`, `email`, `address`, `finished_yn`, `created_at`, `updated_at`, `del_yn`, `role`, `secret_key`) VALUES
(1, '23100001', '{bcrypt}$2a$10$aBwAsRU/ASrd68/qO8YiXeFDmPEhGCCikXC7jghzqoAbjYzxHJqXa', 10, 4, '재경킴', 'F', 'b9f4aa36-bc02-44b4-a6d5-931413b7e51b.jpg', '2023-07-21', '010-5555-7777', 'dkai@namve.com', '대구어딘', 2, '2023-07-21 17:00:14', '2023-08-04 11:37:32', 0, 'ROLE_STUDENT', '6TSLUM2XW65ZCHMG77SVIUUIW36C73YB'),
(3, '23100002', 'ea0a97b661aee91b3b11cb37895fa8354edcd7a07c19d725c4d7309f11891194', 2, 3, '지녹제', 'F', NULL, '2023-07-21', '010-2120-3636', 'aert12341@naver.com', '대구시어쩌고저쩌고', 1, '2023-07-21 17:03:42', '2023-07-21 17:03:42', 0, 'ROLE_STUDENT', NULL),
(4, '2310003', 'ea0a97b661aee91b3b11cb37895fa8354edcd7a07c19d725c4d7309f11891194', 3, 3, '지코바', 'F', NULL, '2023-07-21', '010-2120-3636', 'aert11@naver.com', '대구시어쩌고저쩌고', 1, '2023-07-21 17:06:01', '2023-07-21 17:06:01', 0, 'ROLE_STUDENT', '3D7DGBBA2FOMQHXMSF6RUN5AYMKK4DOF'),
(6, '2310004', 'ea0a97b661aee91b3b11cb37895fa8354edcd7a07c19d725c4d7309f11891194', 4, 3, '지코바', 'F', NULL, '2023-07-21', '010-2120-3636', 'aert1142@naver.com', '대구시어쩌고저쩌고', 1, '2023-07-21 17:08:55', '2023-07-21 17:08:55', 0, 'ROLE_STUDENT', NULL),
(7, '2310005', 'ea0a97b661aee91b3b11cb37895fa8354edcd7a07c19d725c4d7309f11891194', 8, 3, '갓후라이드', 'F', NULL, '2023-07-21', '010-2120-3636', 'aert1142w@naver.com', '대구시어쩌고저쩌고', 1, '2023-07-21 17:10:17', '2023-07-21 17:10:17', 0, 'ROLE_STUDENT', NULL),
(8, '2310006', 'ea0a97b661aee91b3b11cb37895fa8354edcd7a07c19d725c4d7309f11891194', 11, 3, '치킨', 'F', NULL, '2023-07-21', '010-2120-3636', 'aert11w@naver.com', '대구시어쩌고저쩌고', 1, '2023-07-21 17:14:20', '2023-07-21 17:14:20', 0, 'ROLE_STUDENT', NULL),
(9, '2310007', 'ea0a97b661aee91b3b11cb37895fa8354edcd7a07c19d725c4d7309f11891194', 13, 3, '맛동산', 'F', NULL, '2023-07-21', '010-2120-3636', 'aert211w@naver.com', '대구시어쩌고저쩌고', 1, '2023-07-21 17:15:23', '2023-07-21 17:15:23', 0, 'ROLE_STUDENT', NULL),
(11, '2310008', 'ea0a97b661aee91b3b11cb37895fa8354edcd7a07c19d725c4d7309f11891194', 14, 3, '겨란', 'F', NULL, '2023-07-21', '010-2120-3636', 'aert2ww@naver.com', '대구시어쩌고저쩌고', 1, '2023-07-21 17:23:50', '2023-07-21 17:23:50', 0, 'ROLE_STUDENT', NULL),
(12, '2310009', 'ea0a97b661aee91b3b11cb37895fa8354edcd7a07c19d725c4d7309f11891194', 15, 3, '계란', 'F', NULL, '2023-07-21', '010-2120-3636', 'aert2w2w@naver.com', '대구시어쩌고저쩌고', 1, '2023-07-21 17:25:00', '2023-07-21 17:25:00', 0, 'ROLE_STUDENT', NULL),
(13, '2310010', 'ea0a97b661aee91b3b11cb37895fa8354edcd7a07c19d725c4d7309f11891194', 20, 3, '다리', 'F', NULL, '2023-07-21', '010-2120-3636', 'aert21w2w@naver.com', '대구시어쩌고저쩌고', 1, '2023-07-21 17:29:06', '2023-07-21 17:29:06', 0, 'ROLE_STUDENT', NULL),
(14, '2310011', 'ea0a97b661aee91b3b11cb37895fa8354edcd7a07c19d725c4d7309f11891194', 23, 3, '머리', 'F', NULL, '2023-07-21', '010-2120-3636', 'a22@naver.com', '대구시어쩌고저쩌고', 1, '2023-07-21 17:29:29', '2023-07-21 17:29:29', 0, 'ROLE_STUDENT', NULL),
(15, '2310012', 'ea0a97b661aee91b3b11cb37895fa8354edcd7a07c19d725c4d7309f11891194', 50, 3, '임정호', 'F', NULL, '2023-07-21', '010-2120-3636', 'a22e@naver.com', '대구시어쩌고저쩌고', 1, '2023-07-21 17:30:04', '2023-07-21 17:30:04', 0, 'ROLE_STUDENT', NULL),
(22, '2310513', 'ea0a97b661aee91b3b11cb37895fa8354edcd7a07c19d725c4d7309f11891194', 50, 3, '흠흠', 'F', NULL, '2023-07-21', '010-2120-3636', 'a2aadf2@naver.com', '대구시어쩌고저쩌고', 1, '2023-07-21 17:53:40', '2023-07-21 17:53:40', 0, 'ROLE_STUDENT', NULL),
(23, '23100014', 'ea0a97b661aee91b3b11cb37895fa8354edcd7a07c19d725c4d7309f11891194', 10, 3, '하하', 'F', NULL, '2023-07-21', '010-2120-3636', 'a2aadf2823@naver.com', '대구시어쩌고저쩌고', 1, '2023-07-21 17:59:08', '2023-07-21 17:59:08', 0, 'ROLE_STUDENT', NULL),
(24, '23100015', 'ea0a97b661aee91b3b11cb37895fa8354edcd7a07c19d725c4d7309f11891194', 11, 3, '다시', 'F', NULL, '2023-07-21', '010-2120-3636', 'a2aahh23@naver.com', '대구시어쩌고저쩌고', 1, '2023-07-21 17:59:26', '2023-07-21 17:59:26', 0, 'ROLE_STUDENT', NULL),
(26, '23100016', 'ea0a97b661aee91b3b11cb37895fa8354edcd7a07c19d725c4d7309f11891194', 15, 3, '시작', 'F', NULL, '2023-07-21', '010-2120-3636', 'a2aahh232@naver.com', '대구시어쩌고저쩌고', 1, '2023-07-21 18:06:37', '2023-07-21 18:06:37', 0, 'ROLE_STUDENT', NULL),
(27, '23100017', 'ea0a97b661aee91b3b11cb37895fa8354edcd7a07c19d725c4d7309f11891194', 10, 3, '한다', 'F', NULL, '2023-07-21', '010-2222-3333', 's@m.com', '다임', 1, '2023-07-21 18:07:49', '2023-08-03 19:10:34', 0, 'ROLE_STUDENT', NULL),
(28, '23100018', 'ea0a97b661aee91b3b11cb37895fa8354edcd7a07c19d725c4d7309f11891194', 10, 3, '가짜로', 'F', NULL, '2023-07-21', '010-2120-3636', 'a2aahh2d@naver.com', '대구시어쩌고저쩌고', 1, '2023-07-21 18:09:15', '2023-07-21 18:09:15', 0, 'ROLE_STUDENT', NULL),
(29, '23110001', 'ea0a97b661aee91b3b11cb37895fa8354edcd7a07c19d725c4d7309f11891194', 11, 3, '혁흑흑', 'F', NULL, '2023-07-21', '010-2120-3636', 'zgu@naver.com', '대구시어쩌고저쩌고', 1, '2023-07-21 18:33:44', '2023-07-21 18:33:44', 0, 'ROLE_STUDENT', NULL),
(30, '23200001', '9ca71c12d8576899148414fcecbc75f30b3e0c2b2029e14884d43cc33561aaa2', 20, 3, '진짜로', 'M', NULL, '1991-05-16', '010-2120-3636', '이것도하는거야?', '어디까지올라가는거에요?', 1, '2023-07-21 18:41:29', '2023-07-21 18:41:29', 0, 'ROLE_STUDENT', NULL),
(31, '23200002', '9ca71c12d8576899148414fcecbc75f30b3e0c2b2029e14884d43cc33561aaa2', 20, 3, '몰라', 'M', NULL, '1991-05-16', '010-2120-3636', '이것도하는거야?1', '어디까지올라가는거에요?', 1, '2023-07-21 18:42:00', '2023-07-21 18:42:00', 0, 'ROLE_STUDENT', NULL),
(32, '23150003', '54db23dab4d1c1fddc90b19508913cc30f70369e30bfbfb2eff7c2688d1b5302', 15, 3, '오박사', 'F', NULL, '1999-07-28', '010-2888-1574', 'ASTE123@NAVER.COM', '그린대학그린방바닥', 1, '2023-07-28 16:12:56', '2023-07-28 16:12:56', 0, 'ROLE_STUDENT', NULL),
(33, '23010001', '9a3ae29849188f53651f7012f97dc5a3077e438f4b49eb8c90419ac0688c1176', 1, 1, '남규진', 'M', NULL, '1999-07-17', '010-7894-4561', 'skarbwls@naver.com', '대구 어딘가', 1, '2023-08-02 17:13:29', '2023-08-02 17:13:29', 0, 'ROLE_STUDENT', NULL),
(34, '23010002', '{bcrypt}$2a$10$6cQ8rERW1Rd/SydVfWRK9.OjYyfwG/E2uyTFOccfOyMxYd7TEdRNO', 1, 1, 'string', 'F', NULL, '2023-08-02', '010-2120-3636', 'aert555@naver.com', '여기저기', 1, '2023-08-02 17:18:16', '2023-08-02 17:18:16', 0, 'ROLE_STUDENT', 'LEM5QDJHMPGQ4XJRMS6GWHIGN5YEZQW4'),
(35, '23010003', '{bcrypt}$2a$10$HOWbHBatjpGJWtKEzXfLsee8kQSPdkQ.R.TVVL6bSnGmIZe1/P7fu', 1, 1, '남규진', 'M', NULL, '1999-07-17', '010-7894-4561', 'rbwls@naver.com', '대구 어딘가', 1, '2023-08-02 17:23:26', '2023-08-02 17:23:26', 0, 'ROLE_STUDENT', 'O47NOTZYZKYFQKOX5YNMHEHUATA7B22N'),
(36, '23100005', '{bcrypt}$2a$10$gJGIq3EdoffnMvdZ9oq2jue9rLOsKcSNHuBGEbe2jjaYZCc2DmBJa', 10, 1, '업로드테스트', 'M', NULL, '2023-08-02', '010-2120-3636', 'aert126@naver.com', '여기저기', 1, '2023-08-02 17:23:29', '2023-08-02 17:23:29', 0, 'ROLE_STUDENT', 'MAGLUJEEAMIBMV2B5APMNVNJADOBEK7I'),
(37, '23010004', '{bcrypt}$2a$10$jnDvTsCAgaUIIgrs26bZquGgy/zHrJtJcfVdWVMBnJXyVvc4rbn7W', 1, 1, '남규진', 'M', NULL, '1999-07-17', '010-7894-4561', 'r1ls@naver.com', '대구 어딘가', 1, '2023-08-02 17:31:46', '2023-08-02 17:31:46', 0, 'ROLE_STUDENT', 'UZIC4ZBRI326G4RAGITSZU4MOGMRFDNW'),
(38, '23010005', '{bcrypt}$2a$10$OWbF1tmqab4beOoMPwwoOuU1AkCFEmzDRqSIBC6u3uc42cAmAynEO', 1, 1, '쌀과자', 'F', NULL, '1997-06-05', '010-7894-5611', 'qeerccs@naver.com', 'string', 1, '2023-08-03 15:27:34', '2023-08-03 15:27:34', 0, 'ROLE_STUDENT', 'NILPK72JHUK64LV2AOK4SPZPOFTJW53X'),
(39, '23010006', '{bcrypt}$2a$10$8zpq8E/oS9l0ebuaIGBsO.LdP/z3KUehdehJ9LMrxLlcKzK.cGVy6', 1, 1, '이름이름이름', 'F', NULL, '2023-08-04', '010-1234-1234', 'a@a.com', 'string', 1, '2023-08-04 12:50:07', '2023-08-04 12:50:07', 0, 'ROLE_STUDENT', '`NULL`'),
(41, '23010007', '{bcrypt}$2a$10$k2WgDhE0Ou.1O8u5Q.FxhuUQ3O8HJSY2iriqXxfZ6/K4zBygw7FRu', 1, 1, '진귀찮', 'F', NULL, '2023-08-04', '010-3636-5514', 'aert124523@naver.com', 'string', 1, '2023-08-04 14:44:51', '2023-08-04 14:44:51', 0, 'ROLE_STUDENT', 'EL56V2PNO6EQFISG7JO32AHVAUVDUYRB'),
(42, '23100006', '{bcrypt}$2a$10$vOjElh8OIK1GS6s0.xV5T.O/WaCE0MeSujC1JpLMJfxymH.R7xcGm', 10, 1, '홓호', 'M', NULL, '2023-08-04', '010-3666-4848', 'aerqw123@naver.com', 'string', 1, '2023-08-04 14:51:04', '2023-08-04 14:51:04', 0, 'ROLE_STUDENT', NULL),
(43, '23090001', '{bcrypt}$2a$10$cTKI.D1DVo3y7RJwzqh4heLTHya.nXA6KVJ.nEfr4empTYAD59Tie', 9, 1, '콩콩이', 'M', NULL, '2023-08-04', '010-3578-8847', NULL, NULL, 1, '2023-08-04 15:41:30', '2023-08-04 15:41:30', 0, 'ROLE_STUDENT', NULL),
(44, '23010008', '{bcrypt}$2a$10$VBxWvAE1DLdHY8xMqgX9tuvTW02WfhKb2VMiiEUeb5DEJKQsG9yiq', 1, 1, '', 'M', NULL, '1996-09-23', '010-0000-0000', NULL, NULL, 1, '2023-08-04 15:59:47', '2023-08-04 15:59:47', 0, 'ROLE_STUDENT', NULL),
(45, '23010009', '{bcrypt}$2a$10$soEkoOPnCYvuQKHZ12fpWupSEcltgWy9nkwN2McVXqbUOFX7N2wlS', 1, 1, '', 'F', NULL, '2020-08-08', '010-0000-0000', NULL, NULL, 1, '2023-08-04 16:16:58', '2023-08-04 16:16:58', 0, 'ROLE_STUDENT', NULL),
(46, '23020002', '{bcrypt}$2a$10$xlPzsF13KdOiUd4hK5ZmPec6MWi2dp61F1wMgNxWRF6L.zmw0ms1q', 2, 1, '박그린', 'F', NULL, '1996-09-23', '010-9999-9999', NULL, NULL, 1, '2023-08-04 16:25:26', '2023-08-04 16:25:26', 0, 'ROLE_STUDENT', NULL),
(47, '23040002', '{bcrypt}$2a$10$COytoYlmxshZY7Omnh3EwOGmhTMnEQIJaNHcuum/6xbizosZ2yHzK', 4, 1, '최그린', 'M', NULL, '2020-12-12', '010-1234-1234', NULL, NULL, 1, '2023-08-04 16:28:06', '2023-08-04 16:28:06', 0, 'ROLE_STUDENT', NULL),
(48, '23020003', '{bcrypt}$2a$10$k7IS5NVaT4I5aJu69dX2zeyBTlLZrAyQioev2x/jzAPLpOQnnK/SC', 2, 1, '와잘된다', 'F', NULL, '1999-12-12', '010-9121-2121', NULL, NULL, 1, '2023-08-04 16:38:37', '2023-08-04 16:38:37', 0, 'ROLE_STUDENT', NULL),
(49, '23010010', '{bcrypt}$2a$10$DR.PL2grUVzW.6N3z1hexuRSr6UwJW4ylU6dWMZLSo2kbJPLBBG/.', 1, 1, '신난당', 'M', NULL, '1996-12-12', '010-0101-0101', NULL, NULL, 1, '2023-08-04 16:39:11', '2023-08-04 16:39:11', 0, 'ROLE_STUDENT', NULL),
(51, '23040003', '{bcrypt}$2a$10$oYN9BZIXd3QSArt5dw0cfO76aVtjKFLiVIlUvDSvFu.g8FkQHlkIO', 4, 1, '잘된다신난다', 'M', NULL, '1991-11-22', '010-1010-1010', NULL, NULL, 1, '2023-08-04 16:42:01', '2023-08-04 16:42:01', 0, 'ROLE_STUDENT', 'DKPFPY7PFAOC66NUKU77A5HKPVDTNQX7'),
(52, '23010011', '{bcrypt}$2a$10$/oS6TXGNllRV4F.hZvICM.Ip9mUVygLHP7H3c9HDI/7L7sQ6lMRcq', 1, 1, '테스트', 'M', NULL, '1996-11-11', '010-0101-0101', NULL, NULL, 1, '2023-08-04 16:42:34', '2023-08-04 16:42:34', 0, 'ROLE_STUDENT', NULL),
(53, '23010012', '{bcrypt}$2a$10$hzit.IQ3tBf6Ahu9PgsJOuv0na5ncD/Dz73o1aboGs4u7jkfC683.', 1, 1, '김그린', 'M', NULL, '1996-09-23', '010-9191-9191', NULL, NULL, 1, '2023-08-04 16:47:57', '2023-08-04 16:47:57', 0, 'ROLE_STUDENT', NULL),
(54, '23010013', '{bcrypt}$2a$10$kNj/Kx5SCI3wLM71YmDdVOuy56h6NZulsZRarmeVK37V1IXELFnUm', 1, 1, 'ㅇㄹㅁㅇㄹ', 'M', NULL, '1996-09-23', '010-1111-1111', NULL, NULL, 1, '2023-08-04 17:01:01', '2023-08-04 17:01:01', 0, 'ROLE_STUDENT', NULL),
(55, '23010014', '{bcrypt}$2a$10$loxDfpOLM4KBdA6JmwhjFuijDiY6xnoWSi/8YA9JYtezNBDjBo7Ei', 1, 1, '아아아아', 'M', NULL, '1996-09-23', '010-1010-1010', 'aaert123@naver.com', NULL, 1, '2023-08-04 18:12:38', '2023-08-04 18:12:38', 0, 'ROLE_STUDENT', 'R2JVOUGMIL643M7CNSKPXALQIVLC3X73'),
(56, '23010015', '{bcrypt}$2a$10$d/XUHLfc08RGPdiwvM/pxu0b5rM/7bl.j0HXjjcjY.4S9KGlpCa06', 1, 1, 'ㅁㄴㅇㄹ', 'M', NULL, '1996-12-12', '010-1010-1010', NULL, NULL, 1, '2023-08-04 18:14:22', '2023-08-04 18:14:22', 0, 'ROLE_STUDENT', 'ZMJ6YRAC5VZS4QLT5Y6Y2AJMZ4Z4GRAB'),
(57, '23010016', '{bcrypt}$2a$10$VW9tYr6AB6Ao5Aad8Ht6BukPKnNG3DC0IQuT3ncIJXwnUhmw0BrTq', 1, 1, 'ddddddd', 'M', NULL, '1999-11-11', '010-1010-1010', 'aert12412@naver.com', NULL, 1, '2023-08-04 18:15:45', '2023-08-04 18:15:45', 0, 'ROLE_STUDENT', '7B4UP2EZ2L62YQYPLV344FLXVRD75E2B'),
(58, '23010017', '{bcrypt}$2a$10$THoi2x8UHLiNFZUAJgZ17OyGeLppAkGhKAoSOHNyBHqiDIsOhLLWq', 1, 1, '월요일', 'M', NULL, '1996-12-12', '010-1010-1010', NULL, NULL, 1, '2023-08-07 11:59:21', '2023-08-07 11:59:21', 0, 'ROLE_STUDENT', 'EDSZIN3EN4H2WHEPNJNFSRV4R5K6GFLD'),
(59, '23100007', '{bcrypt}$2a$10$4AqC286Kv6/Cbe5tgzI4P.rsfXcVsLqt11EJduvPjE0PpQopMKW1S', 10, 1, '현', 'F', NULL, '1993-09-09', '010-1234-4567', NULL, NULL, 1, '2023-08-07 16:01:27', '2023-08-07 16:01:27', 0, 'ROLE_STUDENT', 'DJHVLJNLAJEL3H7BH4A5SCFX6TLTCW4P'),
(60, '23010018', '{bcrypt}$2a$10$dLYU1cZn40BJFyyHGDtSz.IZIEWjDvjzAFWjzH3iOWpBD0ddkO4Ci', 1, 1, 'OTP테스트', 'M', NULL, '1996-09-23', '010-1010-1010', NULL, NULL, 1, '2023-08-07 17:32:50', '2023-08-07 17:32:50', 0, 'ROLE_STUDENT', '2CIRAA2YFBRQCL7GJ6AHQV6LVKXSZHLE'),
(61, '23010019', '{bcrypt}$2a$10$qB9mE.jxpFxPhepXg.4VbesDPRl0PDvp2esR5Sx78YEXaXDPaEq92', 1, 1, '김재경 테스트', 'M', NULL, '1995-12-12', '010-0101-0101', NULL, NULL, 1, '2023-08-07 19:55:09', '2023-08-07 19:55:09', 0, 'ROLE_STUDENT', 'J6CWFDEV5N22QAFCIORWZDLNAF3HGLTT'),
(62, '23040004', '{bcrypt}$2a$10$zewBULYN/PDRreSQIQjIL.z1y/2HmKLl/KwjRxqi/79oADkMX0JUq', 4, 1, 'adfadfadfadf', 'F', NULL, '1919-11-11', '010-1010-1010', NULL, NULL, 1, '2023-08-07 20:21:08', '2023-08-07 20:21:08', 0, 'ROLE_STUDENT', 'U4JIRPMEY6JZN6QUEPMHSEAAI6RA3X6N');

INSERT
ignore  `student_semester_score` (`istudent`, `isemester`, `score`, `grade`, `del_yn`, `avg_score`, `rating`) VALUES
(1, 20, 21, 3, 0, 38, 4.5),
(1, 21, 16, 1, 0, 38, 2.6),
(3, 20, 21, 1, 0, 90, 4.2),
(3, 21, 15, 1, 0, 65, 3.1),
(4, 20, 16, 1, 0, 60, 3.1),
(4, 21, 21, 1, 0, 88, 4.1),
(6, 20, 23, 1, 0, 80, 3.9),
(6, 21, 23, 1, 0, 88, 4.1),
(7, 20, 17, 1, 0, 45, 2.5),
(8, 20, 24, 1, 0, 55, 2.9),
(9, 20, 25, 1, 0, 88, 4.1),
(11, 20, 16, 1, 0, 75, 3.7),
(23, 20, 24, 1, 0, 50, 2.7),
(30, 20, 23, 3, 0, 70, 3.8),
(30, 21, 21, 3, 0, 80, 2.6);

INSERT
ignore  `user_token` (`iuser`, `ip`, `created_at`, `updated_at`, `role`) VALUES
(1, '0:0:0:0:0:0:0:1', '2023-08-02 17:08:42', '2023-08-03 14:17:45', 'ROLE_ADMIN'),
(35, '0:0:0:0:0:0:0:1', '2023-08-02 17:24:32', '2023-08-02 17:24:32', 'ROLE_STUDENT'),
(37, '127.0.0.1', '2023-08-02 17:39:54', '2023-08-02 17:41:57', 'ROLE_STUDENT'),
(38, '0:0:0:0:0:0:0:1', '2023-08-03 15:28:25', '2023-08-03 15:28:25', 'ROLE_STUDENT'),
(39, '0:0:0:0:0:0:0:1', '2023-08-04 13:11:11', '2023-08-04 13:11:11', 'ROLE_STUDENT'),
(41, '0:0:0:0:0:0:0:1', '2023-08-04 14:45:26', '2023-08-04 14:45:26', 'ROLE_STUDENT'),
(42, '0:0:0:0:0:0:0:1', '2023-08-04 15:26:04', '2023-08-04 15:26:04', 'ROLE_STUDENT'),
(43, '0:0:0:0:0:0:0:1', '2023-08-04 15:49:45', '2023-08-04 15:49:45', 'ROLE_STUDENT'),
(51, '0:0:0:0:0:0:0:1', '2023-08-07 18:25:24', '2023-08-07 18:25:24', 'ROLE_STUDENT'),
(55, '172.17.0.1', '2023-08-07 17:49:23', '2023-08-07 17:49:23', 'ROLE_STUDENT'),
(56, '0:0:0:0:0:0:0:1', '2023-08-07 16:46:28', '2023-08-07 16:46:28', 'ROLE_STUDENT'),
(57, '172.17.0.1', '2023-08-04 20:14:09', '2023-08-04 20:14:09', 'ROLE_STUDENT'),
(58, '0:0:0:0:0:0:0:1', '2023-08-07 14:13:41', '2023-08-07 14:13:41', 'ROLE_STUDENT'),
(59, '0:0:0:0:0:0:0:1', '2023-08-07 16:02:10', '2023-08-07 16:02:10', 'ROLE_STUDENT'),
(60, '172.17.0.1', '2023-08-07 17:33:22', '2023-08-07 17:33:22', 'ROLE_STUDENT'),
(61, '0:0:0:0:0:0:0:1', '2023-08-08 12:16:53', '2023-08-08 12:16:53', 'ROLE_STUDENT'),
(62, '0:0:0:0:0:0:0:1', '2023-08-08 12:12:49', '2023-08-08 12:12:49', 'ROLE_STUDENT'),
(100032, '0:0:0:0:0:0:0:1', '2023-08-02 17:30:32', '2023-08-02 17:30:32', 'ROLE_PROFESSOR'),
(100040, '127.0.0.1', '2023-08-07 15:31:15', '2023-08-07 15:31:15', 'ROLE_PROFESSOR'),
(100041, '0:0:0:0:0:0:0:1', '2023-08-07 17:42:44', '2023-08-07 17:42:44', 'ROLE_PROFESSOR'),
(100045, '172.17.0.1', '2023-08-07 17:21:57', '2023-08-07 17:21:57', 'ROLE_PROFESSOR');
set
foreign_key_checks = 1;